v -39.101456264886814 15.912748878357498 7.73892709655553
v -36.61232795630038 -36.60711734993392 18.077446933151244
v -44.69671327611711 -9.228361815201744 52.24129361288808
v -39.49301229360672 2.8743417379222764 50.69758436291242
v -28.83796556180892 -8.630497292490915 44.31683675386869
v -22.47534718274563 -26.615477999919563 51.176735664597
v -18.566182447984254 55.48795331884314 -5.081631224610706
v -6.769271904654949 -15.445113687463952 31.97566496451833
v -15.198576048034544 -30.1415406307313 45.965642587658564
v -15.2394163656637 -42.090684896011695 73.74597720489128
v -22.945925882537814 20.088812581710766 52.530576627830136
v -5.271794582817653 39.797256703330646 10.228374069554658
v -54.575932656662815 18.494676022730772 18.538612389059857
v -51.422371711018215 -21.943653078568794 0.0838017522007933
v -43.273908779198344 -62.975403356814276 12.056406872148953
v -31.250553819542322 -91.90568690023338 10.756803562424336
v -1.3833430744674593 -11.992360723497484 3.8215283776623497
v -31.976337450131698 -11.54884334665847 -30.931842667290212
v -48.292301903763416 1.2659632936335734 -25.394834232864024
v -26.901494792338212 -21.304179776967946 68.8018491590173
v -56.31077172183545 -1.3238996654233135 7.3936633654006
v -62.458078473706244 -9.378237055987656 10.903790167064306
v -8.197431328845523 -72.09626365204245 52.88323239374278
v -14.510341124728468 -58.19166881168487 10.372172724368362
v -22.593019858603338 15.480803847010375 42.15329456253065
v -12.447275350633793 39.70005390832375 -9.354310419257846
v -5.699558282166016 59.33448934782813 -19.865942820608662
v -39.41158765965745 4.06206550727779 13.03178246312779
v -6.629413567855316 -43.83129805788656 21.14780522999052
v -4.195376773550266 -43.46971248886266 27.780022657797954
v -4.979167685312821 -88.57930505097478 -3.0572157650090888
v -8.739360684103032 50.505639407312344 15.800914480561657
v -45.41036138114013 29.80081341799197 27.606227734917216
v -41.798248883709626 -66.7038774020403 43.181614666736564
v -7.159031112855748 -48.85031688040773 54.87660668528496
v -45.41342549776486 25.676878689543013 34.061972949842364
v -25.80035718604729 35.272459416975586 33.361681198314855
v -5.485119292833394 25.19300516071693 24.061481640673893
v -8.24449198425556 42.507249836367684 -20.796924944035336
v -2.745578747362627 28.10842133478776 -27.08985894904702
v -62.99523320748293 -15.187177249371967 -1.44977419388126
v -31.35622778245474 12.397803824272257 2.544590912426226
v -58.69667321816834 -47.122264602451914 30.737486657886613
v -8.677980688099638 -89.16829453839478 16.89487287095284
v 1.1609780582138232 -35.197182347217655 7.6990592244634755
v -34.38994767919887 -9.59580703711533 -35.42687024906899
v -55.367139384699215 -2.620895951345483 -30.76449748430082
v -45.07012072516173 -5.894254140353287 -40.26197781050885
v -41.0057479475698 -8.876205538323914 -41.422263186705386
v -42.26748641885866 -44.229586792805854 -15.13236043026688
v -15.709945009951326 -71.93318530551412 1.6907717889328515
v -15.441321846752686 -69.85366801778947 -4.186750388365232
v -27.292953584428826 -43.65291010963884 -18.932328113057373
v -35.46812454918372 15.971260461297165 -4.761864049219321
v -49.99945269896407 -22.079760602327696 -6.169431164400601
v -49.97678193549431 -23.890911063579647 50.71932459792852
v -45.71071377674875 -7.831583709363179 28.487927442809546
v -5.473358316442556 43.66283481357737 42.018064028044996
v -41.68437100476511 45.040189077673354 -13.02031111805737
v -31.54855591255363 17.662068777679213 13.212709217518317
v -35.7627353703022 -34.759590976154534 12.094894761476537
v -21.396631142308994 -85.57414536288701 23.319169235833055
v -20.038088438928135 -85.60487932728864 14.618986508280493
v -8.808609952274299 -32.73329516498559 29.69592840829022
v -39.811804774087605 -23.035235492860043 -16.543087977039924
v -56.56580715931595 -60.40689842727981 -1.396165451126083
v -19.616115985572392 -41.13665230027797 -9.983633234745273
v -50.89917584225683 -6.776999207034612 48.404363032125644
v -31.29993350070776 -0.03525659395222702 49.65148977088738
v -44.91237725930169 -20.46585803340394 52.14004609133399
v -23.60282850656373 -8.862676705873355 45.29951565726586
v -9.429821277408017 55.706043341403316 32.24544314497161
v -26.391175206148123 45.89362709512551 7.351360478174582
v -24.3801851137814 59.0223396301723 12.275914579949475
v -11.327176492555441 -76.49445101001469 48.43478221405122
v -64.09407356273336 -25.461950243471847 -13.235729068290004
v -36.626238051049555 4.735063625011874 36.2999245172047
v -58.267455602492795 -12.739183589002431 38.8238470486166
v -34.79029513387792 -34.00026199647264 65.82081790961487
v -31.058757704260355 -41.016213990878654 50.35433499968508
v -34.5092117826982 -44.07136333484359 41.12369083264988
v -10.973152930893285 -26.64163818676367 72.5345832773604
v -21.512827865822818 31.572873814076218 50.622797269337994
v -20.704933982909377 1.661078095290296 48.809618534959306
v -24.00710907207927 10.555671562737798 48.402032217063315
v -18.925640094966383 10.768573231730022 52.31584765666321
v -6.557371539565504 17.21093920198837 62.57369962214262
v -5.688506535646964 -1.6280542704210479 61.354182770304185
v -5.75472843192093 27.174702589356613 -5.002395700837718
v -12.70186319450795 34.57809385857825 25.69740218785197
v -40.082631569773326 30.173611352454554 -12.559417288160143
v -29.437949816954006 36.48237154177362 -7.141089357831712
v -19.81752817959278 54.762646646912906 -8.341214907668746
v -49.50766647688512 27.2298179721501 4.975586391271444
v -43.90017668607562 25.372572919447418 -12.569478480651398
v -47.17978591457591 -20.79486975593071 -3.0957882078226806
v -27.656347388652325 23.449344282137357 8.702830702452191
v -58.41024143589561 -27.63674523998536 17.14060817566375
v -46.874396371184574 -59.60781047862928 2.7127494317531924
v -37.66022994095802 -61.39264529679685 22.712591985006526
v -51.64746318391169 -37.91723702964691 2.3763315049960454
v -31.7499033716269 -81.59481163946698 32.50382125440876
v -4.858150546533797 -98.98353875706279 8.411429517184937
v -11.173864610650412 -93.15058224485077 11.922593564576513
v -25.551009509190017 -97.1781846655219 12.27160530574812
v -21.164746478486286 -92.80714644600098 3.3695313988523923
v 0.6940207561317917 -43.01299839439211 11.887622752238405
v -33.01886623237419 -2.085985066153693 -17.22109487345589
v -45.79985528106467 16.566860299388928 -26.852871491052696
v -35.61219750991121 4.502011035004107 -37.05887870471882
v -3.3047835448345415 -80.49781741519887 3.292831152923986
v -4.078378042522241 -71.35139788778284 5.70323219132869
v -21.517860409179722 -61.61339514792891 -10.986038492213039
v -31.271999183369868 -58.328331614364444 -9.154692871885915
v -19.502113242604423 -26.357488495799892 -10.02114553517522
v -33.54073959255589 -38.72002511121419 -7.686565220337719
v -48.04427622610943 -57.23841698745122 41.39979215743157
v -6.972254642870702 19.1871599220138 -11.973305171508
v -34.063420717875054 10.241490436527357 -10.068114916366783
v -47.016890620899076 -11.535943440041164 25.748865531627242
v -18.337994640785496 -2.1793474473654952 57.95423919725123
v -10.029604924733787 13.818216068916643 50.09105002735488
v -34.817662888525376 42.177030739558596 -10.742657593515068
v -48.24880491351216 14.64198013014708 23.026719939034773
v -32.79378114852251 -13.505091397175505 14.304566144070888
v -58.76071658566744 -33.638428883147974 40.101805432219635
v -49.1314870858838 -30.48900604754174 17.08388871191121
v -48.22719354024988 -45.924637924669824 5.772792477763446
v -35.3394954757938 -74.11670055851836 44.35876297746463
v -14.52892111522183 -76.57189101688746 18.920441971777663
v -19.196935531964137 -37.150347797520936 42.50846960117666
v -8.662098692200013 -45.96304732001743 21.98816904435129
v -52.63123850184085 -33.147918211614424 -17.4232000938901
v -12.8385547931731 -84.35028694620271 10.293963576921636
v -3.434712458954069 -90.06049498249398 -7.895935146980668
v -27.02328407213007 -79.12860217553518 -6.385778486880967
v -6.083231230382272 48.43323501966847 38.95940619711277
v -44.915083063100845 32.234683035051916 21.31139241498635
v -41.14635666377852 39.53348850992769 21.64598712486592
v -38.59744700424098 -7.591737450439271 17.71531781751366
v -41.60809722185811 -65.09351733817107 46.76570147229424
v -22.94153046232825 -84.87457703955533 28.516670729933203
v -5.16102043142498 -71.26193785519142 38.937175085541746
v -0.8805246621413362 7.15544466564973 26.60888696224946
v -4.116489931870611 -31.121959811033715 30.574050786950764
v -6.899935273380826 -0.34423618095961694 -16.25658419350993
v -43.35168386811066 -1.3690308745015412 -23.004873992341754
v -60.13835212869801 -15.177083619195566 -23.405864781021386
v -22.640815445828586 -90.90349769506139 -12.089525812041918
v -40.49199439407256 -74.57479596840113 -16.11293374621739
v -50.613566498718185 -19.103672099305175 55.13927799588772
v -55.53395633642354 -22.74542676977029 46.76703900330582
v -35.58733395345868 -44.91247422248504 34.54270712123528
v -13.727373238822878 -37.8859952023392 54.25367333746266
v -6.582301552503144 32.45274499501404 51.90613607350066
v -8.544826192303828 1.663851663635387 53.601075181916656
v -14.229826396046295 38.423903275203024 14.192431530577641
v -4.695900988411435 15.96415972672912 30.291420369168197
v -21.921791465615932 28.114688571909124 -12.61055034085065
v -4.3902071964058305 34.7827939341734 -21.803422597172236
v -30.202345456308755 31.517482144989035 4.506088541861519
v -31.445605731705434 -26.69196985073864 6.810731669939201
v -35.12246102774946 -17.919984770124817 2.1839975012054302
v -63.598160686692566 -27.485236566234253 -0.42008469741665194
v -50.03238358047438 -60.36259154732165 10.920742617071923
v -63.53837427422782 -45.42967636812881 -2.1156416788362185
v -46.77941834768941 -33.389478069120045 -2.8951771468894205
v -29.40392440069031 -79.67067729680328 12.608330372740427
v -33.61451619539163 -88.74119445900477 12.252791622436101
v -37.321824803197224 -87.0381029742474 15.772234589770903
v -5.87038431849399 -36.08019831858075 33.683910619524724
v -6.631656572172348 -42.3300750624683 44.13707890414429
v -13.43180015453303 -46.51107244526847 40.24491949186998
v -4.522919979985883 -49.97835933019035 29.010773670994116
v -13.01092605809668 -56.94701795983093 17.509614971590885
v -0.6651926153241451 3.168932882306941 1.3237731478635053
v -25.70561685808289 -0.20055905284151918 -28.842005963852383
v -27.38698111680642 -14.939149430697247 -28.7883760285424
v -37.6312357810809 -6.323527377257189 -42.90560136728106
v -45.48736837047917 -76.40793527801434 -8.600091933289766
v -39.39876769407831 -74.86826876210917 -10.37924157447784
v -43.338367536790415 -37.21841571227333 -23.281684414845643
v -39.63960546762954 -36.62518955371331 -22.85426853382764
v -24.11818910570032 -70.80817657247785 6.270518534013872
v -9.531225011952214 -61.298117252248936 -1.2612219204832642
v -16.510343968852677 -67.62107200219484 -10.557203764319256
v -32.68529000522787 -50.7003173695202 -11.713601313027496
v -34.77238474243977 -30.800157612017838 -7.069659210539513
v -20.323012017641638 -29.123992538450455 -18.86865045974328
v -35.85507866473501 -18.38168268084256 66.4337118864429
v -22.74383067215658 49.53805926919373 18.994744300821814
v -15.60062496324936 -67.45721762518681 58.41619888388829
v -8.348210349163699 -67.53650242362075 58.793980304985624
v -55.17873429900541 -4.398961511447464 37.24886005629696
v -9.839197157442852 -11.671085421764124 69.27213156229082
v -13.881341486975549 49.4303210078556 0.9343162728988219
v -63.33574851351344 -30.402742459835093 27.900060109691495
v -15.031421250396535 24.05381695797216 -23.734471649169407
v -51.49889377679585 -5.8505422474879 -6.714606897765787
v -55.229034827388105 -21.820489438410338 -21.597118467021026
v -12.780465456972381 -94.534948885985 4.297576759395579
v -34.82383332984608 -68.16547723957652 -15.551077840270567
v -42.520295017576146 -64.37355693101738 -18.963776818033814
v -18.02333553206187 -49.00743366138007 -9.207700995149551
v -18.41430100573216 -32.89312007514109 57.404854798152996
v -36.91243763808055 -27.07185389791056 46.043107799532976
v -15.472324091487257 -16.683561917235462 62.002974338786146
v -23.40372365192326 -14.901501796330507 58.94872805972488
v -10.228398153032936 63.04404040862253 17.197802073519355
v -13.934958363885233 50.972100948769196 31.05701569554759
v -20.962074111622314 61.799433876128475 8.507661439524163
v -50.7134814342967 -11.565628147901855 16.455694335945672
v -47.53534178105433 8.289554524133294 1.2505807684782702
v -47.87989442340348 -51.7666662359513 30.63712547239467
v -18.600656562911762 -68.50662068376138 38.10951218196133
v -5.071718884484693 -24.771101796950774 41.037224551623126
v -7.295077157738768 -8.612326083289979 -13.888619255774685
v -8.771943044817569 -14.887950131867067 -20.492373443259424
v -34.41241513547331 3.5244164621207457 -16.635655794038822
v -7.606419165669749 -45.72632841352683 8.12332084104262
v -10.071080024925239 -48.888676744393116 3.9841431766751443
v -34.92067037848175 2.1267961645616653 28.816553615955506
v -39.88779704361993 3.7128943756774753 42.65671967857815
v -42.741893071473015 19.67258982652875 38.071901346690815
v -56.13979735541804 -1.6050376890031526 23.628924679165774
v -14.759148449142767 -41.10581793243463 66.16456609881374
v -15.261877471052337 -45.52245170814602 70.62771769758231
v -13.823981397098812 10.810827296575987 58.98496334811179
v -5.594337422636103 34.40649817079741 18.155727197596413
v -8.619754955037585 45.74914620336929 23.809601682289518
v -12.925017633284966 25.098106732941766 31.310854535927014
v -8.628051586224492 9.023379118257068 51.15153590265663
v -3.4968337427110017 47.812902687680065 -23.03506390671341
v -43.80204083852328 8.002848803200939 18.48768468088087
v -40.004626830887204 28.327029556287144 17.430985891332934
v -52.3501253453138 27.4508436046148 7.848058119446803
v -34.362680524072374 -13.71707883842192 18.202708436097584
v -49.864441565743135 -45.295687819352985 27.441637469613525
v -48.89274144935579 -42.16916727361275 17.21130982121342
v -63.652480739726606 -20.689400933737623 1.255828144807092
v -38.76640242785986 -57.1787744786144 25.070915644770928
v -27.96800838234806 -63.22849696954703 43.95572410279415
v -36.00575746922704 -78.81548450061388 9.656949439863457
v -3.937142212097195 -83.3387914962572 20.433090698402875
v -6.691232214416609 -84.47676670227865 34.584710965965144
v -10.508468694567945 -95.1569245030638 20.759833817637062
v -1.2476920037132766 21.099233440647467 6.491416187233704
v -0.9059248366572054 -1.7183623176224454 15.703924457855663
v -1.197146187948666 1.9831206649423054 10.577859992624317
v -6.490752582441825 -13.1316434788942 30.703134555766983
v -6.449327239239515 -51.675284180371854 11.826022530303002
v -35.691327539120415 25.639633093111705 -18.685741966134863
v -49.96595011133378 -7.447093418535556 -23.42968063366898
v -41.99743545802061 16.587680048579475 -28.5607372618081
v -42.671217304563335 0.2614697633216626 -34.47973016177619
v -31.98094975368408 -2.524902634316639 -35.53120354752592
v -41.69356027611347 -76.64816243199886 -3.1226699188113156
v -40.72160616907713 -65.77370727540745 -0.8180645991355749
v -44.003982659773584 -55.240954082662284 -7.606740987502496
v -52.401805052999904 -44.01761295661337 -23.980317229798366
v -49.896598123580056 -23.2928595538667 -30.596724307559295
v -17.1157956367947 -74.94801418871964 10.21499791883312
v -4.294656950579978 -78.92915584362737 -0.22444438370791098
v -17.380933006185558 -91.74275514017476 -7.289235893512205
v -5.8268256337913975 -91.09862334809893 -12.90875447322682
v -25.041239880531354 -70.90406273814116 -3.6551847671422917
v -28.879037994211128 -57.75052151503698 -7.413950201826814
v -32.9671996736055 -42.711921204771976 -21.353430466601512
v -28.020772551442526 -37.59051533746776 -11.1597540820111
v -35.69423938136603 -37.82133695056153 -12.596590980375279
v -40.34719575206421 -7.5639569544525695 57.46482120689287
v -19.03457689023924 48.97116033247594 33.46178237150612
v -29.175877332116634 45.90894090970463 16.53958009759804
v -51.06830438963572 -49.23537893173543 45.669322009424434
v -9.214777527485243 1.521860414475772 38.87136306213489
v -13.390476587353309 -9.46571018635939 44.801383271998176
v -2.514541189086289 -6.105483027619022 -11.701141211452498
v -37.64523563879446 -0.3806934742385512 0.8611787440080461
v -35.74312213395648 8.554816294249694 -4.400332182976602
v -49.725350465297794 -14.090657246645222 -15.63926983410586
v -27.753032539761954 -97.0016345661285 -3.0414028112473876
v -41.806158785421395 -83.90462647586737 -14.129402278903653
v -57.57696398555457 1.258987216470118 33.0794376172998
v -35.58936676914024 12.655027586352546 54.01049994238405
v -6.039229086643793 -15.91060897471495 59.745292569737146
v -18.52247487030632 -44.66663263755416 72.31481451686632
v -21.635652521503566 -45.78981143587598 57.44877697867803
v -20.139284670091733 5.982441630429208 65.21890836169626
v -10.652295262348856 45.62995548358227 3.58355121369456
v -11.318969442627571 41.07107206587397 4.5447778316939145
v -8.76727951362874 44.784292613914566 32.48541393110259
v -7.288474090019692 21.255747481275574 44.67420561612272
v -43.651456904956135 32.77948273300317 -15.378350008590097
v -6.450087031530465 52.669715972770625 -8.172344273732078
v -8.189641920623544 53.38603845128856 -11.769163569319122
v -13.594196582797164 46.442825845871475 -6.135751832602828
v -37.94811627753565 16.582274910727374 21.727957130871868
v -39.04674847526454 -39.03947339331669 12.44923502153681
v -49.1849208977366 -46.99460059895147 11.601532595812154
v -30.555675164439197 -67.70989401432648 42.41300477052941
v -41.42923290350891 -73.30824999839477 23.8668109408592
v -19.372973322474568 -60.98842074108501 23.431938036879547
v -21.94694732266018 -64.60583495408753 19.123488619171518
v -18.409209953112633 -74.80037567932892 27.34058605817029
v -16.873569109856955 -94.97073363571842 16.99298664486281
v -7.466138692163798 -57.02312055139263 38.251658232770566
v -8.07745157893437 -32.76606832024904 27.474843333140477
v -4.418878304428497 -49.214234439457314 20.04375132347989
v -21.995621191406585 21.86686547636846 -16.099967079284735
v -35.0814286310714 -14.018450955796109 -17.786233562698335
v -55.55747003158658 3.3047861402822405 -8.034608656503217
v -56.88854465522398 2.432516169191844 -10.066217551338008
v -32.002409647963724 15.897428196563748 -36.73279950297894
v -29.568774136026715 14.056845411428666 -39.506106650245194
v -55.817210904686675 -33.652209748261825 -28.152443125481906
v -51.89518760563108 -39.35303482592251 -27.09067743563958
v -30.974698993785267 -78.89661163275166 -11.458232301972124
v -29.47700899086267 -72.31839708386002 -14.463175777721801
v -36.62209416312014 -3.68534093279986 42.54063215350538
v -36.3748031640885 -22.187148468570058 42.363988654255124
v -46.7793923651162 -24.158134668424996 60.440943894644775
v -17.78722249094058 -25.19546962101057 60.117988215577206
v -10.077234341100297 -33.34561141904133 60.954071546328315
v -20.2542313848895 -32.00458252913143 66.86129139018853
v -15.88311306278301 56.18315938418942 20.454249238733546
v -11.598653036598572 59.749735684283955 21.73662582430855
v -7.728999091181388 58.553760240755075 27.79389828646669
v -6.95396655400025 49.08359827048678 40.86767337476365
v -26.6359890800276 48.67139252186278 2.063723273258099
v -22.292299649389843 51.20222024019545 -1.273222001400003
v -23.1304362235407 48.11347392092541 8.080166131267353
v -13.858367607116424 62.042352724184425 3.1223310432144
v -36.359580664185685 47.51872422992265 15.690774233634924
v -36.89880459631655 42.33038121174722 10.535667168998755
v -39.3936185395132 49.3676687679184 6.142822905249429
v -40.94387141123476 -15.290862107387019 20.965417929941733
v -50.557922162088055 -61.22500323430854 37.13197647930316
v -10.417383210673009 -70.60229453904346 38.7293639725447
v -16.190277158710575 -74.22875134960805 41.43066878117256
v -18.963260790556106 -77.96792683549297 44.80317948904556
v -20.712563723885168 -83.66175013862359 38.983180483010244
v -26.2015130067851 -72.24893637998355 20.346136429503467
v -11.438060890106273 -60.00947447881992 49.507767481213676
v -4.119425964328371 -1.0876269215292318 33.86324483323008
v -10.838070461731899 -8.435758238142801 -14.315616535649902
v -23.11997774698986 -21.333695783155548 -12.198439694520092
v -37.69317790818081 2.148160373415719 -24.504673339643286
v -33.52404083725718 6.02517006543172 -32.42067564380947
v -16.897645332483524 -97.20821124032464 -7.306434918148218
v -7.503948434070282 -95.91282557024196 -12.146602882310713
v -21.508357839451644 -97.01404529454865 -17.951903079848623
v -23.674173749521696 -85.6265474155795 -13.80131173629171
v -21.89541825356845 -51.830646119118924 0.8201346168069347
v -15.835868312244008 -41.79731106407088 -8.811199046507513
v -33.765020651415945 9.24579030454124 24.5975052626838
v -32.43571977906659 32.97090514530286 30.051837704876398
v -32.62351493822109 30.722772197951347 40.42847393593285
v -25.951103192397458 32.35681633300509 27.697767700877225
v -54.31615939565331 -25.014833561485244 30.150402559954035
v -55.13454933303929 -19.158408648282798 30.066927860725684
v -54.06762588763493 -7.896548496895609 18.953069544250074
v -58.84048636077417 -10.435270407600694 20.557921586817404
v -63.89842073310178 -11.05987757496536 24.838502896272054
v -28.91955873224053 -48.13851560726816 62.22515803057788
v -36.63641170966601 -53.712711982981205 58.80660361235922
v -26.27016046813996 -37.11965619969815 51.92246452202098
v -38.114279084993576 -47.14339583891927 55.89614245716677
v -45.018559344022776 -43.736953949224194 40.27860321285668
v -11.990486330093082 -21.512426678315542 74.07679929343773
v -6.064925929118374 -38.17552279264734 56.65730114606769
v -11.65704735447579 -49.564050997822754 65.1623501367572
v -13.592285594312788 -53.13847473270831 68.21695664878561
v -18.303824020233456 35.49687189084868 34.3826126923965
v -14.707251874809362 43.255888676532315 41.282619658451715
v -13.039675694920236 37.542113725199016 47.61669600185866
v -6.114520202954456 21.622783809654926 58.905343541780944
v -7.368326978759674 4.119533033510924 67.67853136334061
v -5.117759610512847 -10.010140173018243 51.60374267428205
v -0.41863733314299306 30.642457169199634 7.576783375089658
v -6.982029374999652 26.44441449115583 17.571029485057608
v -9.466328676355843 58.12919771178042 8.950286319076785
v -7.78728286585932 51.57234292584296 9.40368636524611
v -14.347783434321581 44.16099141219808 9.636416034024084
v -9.878000330896175 11.256157738314103 35.155194640988945
v -31.03437397865731 28.459837846985085 -6.697787722404868
v -40.11755652140592 26.562549225375715 -15.433123100280795
v -29.99087117893033 32.58869160946821 -10.351745083440635
v -29.56461230851191 51.88121362125913 -4.461136496720449
v -12.145710762487383 56.31688144531576 -11.758698753468426
v -13.695163627313143 52.431455863062276 -16.573388407686664
v -4.070866947611423 32.43401117593959 -28.27522835539912
v -53.910641166323536 14.52296026764157 12.697910888781617
v -49.99566481503004 11.686261352186111 0.3213435407150069
v -46.81939071961455 19.344282621833187 10.5416405924135
v -40.37891702192263 27.83492289482612 13.08640150096135
v -46.70205916926752 32.208044668979745 -4.1777227653559565
v -36.312408361654114 30.587272841574528 -4.827040920143093
v -38.46698344036969 -14.132949391668463 6.800928899878572
v -35.68471728837173 -11.097527910749758 -5.261466548950834
v -27.293124481599254 29.22135614062619 -0.45933072012786336
v -54.72619278250785 -40.20363063510153 47.28626811886497
v -61.394804377274426 -50.607949571493194 21.230493986327097
v -52.14800102133689 -46.227695275433184 21.430934054115166
v -47.061906529074705 -36.81185033516238 8.799385257710926
v -65.66038819080767 -26.145505510739387 6.006910517986489
v -65.52717977385907 -22.731781871003506 0.2861201598629258
v -43.30335406888725 -83.89211292885412 4.4659495319765785
v -44.36936838302571 -81.75939533839896 2.292292342829167
v -41.93681684563683 -71.55061362726929 11.858429223655072
v -43.09602914056163 -63.927265032397386 7.385822002146542
v -51.68109716704896 -49.210090372490065 2.203121206503114
v -48.5442992339321 -38.55718518286723 -5.097633722641574
v -50.570501146438154 -42.63148922995093 5.283506230949396
v -32.08536848368524 -76.36925096192586 41.19453970390924
v -31.708928336970683 -70.00103188616885 34.86622175655906
v -31.150808442870765 -70.74257414583563 23.103943575146893
v -34.68067382579877 -80.38310348410148 18.163061644239303
v -42.061462725325946 -81.51546314695821 18.578280318866682
v -35.61045805773096 -87.20354029288359 10.097237771218083
v -35.339739629301484 -79.38852187718582 6.319805227480353
v -31.590050268969073 -86.53546983647831 -2.9818478639437056
v -20.532902017601746 -63.93156231135978 8.823475080109155
v -3.090552498712094 -71.32943975909858 14.828476872286812
v -8.651984060157405 -68.53599575583966 9.334034579505998
v -3.8130038419974888 -74.16272090587624 11.613634786147841
v -4.091944388874565 -80.87513579018982 29.991606709457983
v -8.490366577399456 -102.46842551250543 6.125210261454885
v -18.660622001853184 -98.4879598430852 5.356539110069859
v -22.40064577067358 -99.3131168223076 0.1015810471300343
v -10.515714152018884 -12.469059259459147 49.61406058751041
v -15.294565255454254 -29.455861567897884 35.71008423582538
v -6.4680220603275185 -33.25890326240356 41.44401875068185
v -15.093346497690867 -50.50311847918081 36.252744864586745
v -18.996126801082603 -58.35284866990373 17.467768000329134
v -3.6668619457888023 11.550896387467983 -4.366737314098084
v -3.2576382397623584 -6.645367327835301 11.748163946143436
v -0.19985301104425102 -4.444887164515445 28.52393945554637
v -0.2486661617846564 -22.993039785606946 21.397429453517002
v -0.1493358271485398 -30.387118727291156 16.159910897663902
v -2.911989461856345 -27.730357358613794 14.521651912393326
v -5.882825575598651 -33.34321596078097 9.799693218006402
v -8.433296192324002 -47.77088273097967 13.542462966007637
v -27.463359869188743 22.16860826566463 -14.155673807720605
v -12.453987220190182 18.61907579345551 -13.678476597593713
v -22.509125960864605 -8.495486929753408 -10.853242879805581
v -23.681481953920915 -1.9241892647960404 -12.501855428414526
v -32.76507447882439 -5.147079159414155 -22.46019635787164
v -22.487177816743213 -5.197767603104982 -32.78768424004182
v -23.995473688576897 -11.84118764444243 -33.545253714649476
v -27.081674719679967 -28.14673927939006 -22.87920885864073
v -46.98570928105649 2.0159485177261156 -20.419960099829737
v -53.50494810244998 7.8533694834681365 -17.173126826011604
v -43.76931108818666 8.24588098089097 -36.51922446177184
v -48.825292763111776 -13.125775354614634 -30.08805373173754
v -42.86858934969244 -6.55417850463734 -43.32238285588869
v -53.01445495315027 -19.662297294254472 -34.77599492114122
v -40.77257864614917 -10.07341678610221 -28.894909231594426
v -35.47352281242182 -17.192082508387198 -30.303075054480924
v -39.319717603821516 -63.598882412924276 -7.311690625931538
v -56.439520865020135 -56.713609542916565 -11.817228577346812
v -47.68325747842592 -51.315818776086736 -12.599993122325538
v -41.75305052482916 -51.878883787740875 -12.422290605898443
v -17.994350677939707 -74.72781086319792 -10.577027142965848
v -9.58921188583884 -74.70406597247397 -7.453919183796039
v -15.560710294660462 -67.48470173229617 -4.330220350147435
v -23.548992955171084 -59.75319093014715 -4.569996375954846
v -2.698761394121738 -11.705792792754792 -5.536779673973825
v 1.4563595574439165 -22.486441054866944 -10.76907423077985
v -27.79364961096393 -37.10652842875466 2.103644968144278
v -38.2309498716022 -34.625018221883884 -8.954078103007829
v -21.788772454540364 -33.05428859778862 -18.469234082387768
v -41.773700207190956 -10.19397855702988 59.55457474803202
v -39.15050048690891 -17.717129547483676 61.003141315456816
v -35.05551164665601 -22.65404835186819 59.54017999161849
v -34.88859235046374 -12.3186276268024 62.61509772794176
v -22.793489894533035 56.3969256453646 21.223314719349172
v -22.635619647131023 50.06299998875536 27.494616282805385
v -24.78101023736284 45.63380687045408 32.27011161952235
v -25.280331924162784 41.974710317108986 16.27056988626529
v -11.765090513831026 1.8916444062718538 42.172099572726715
v -30.568546547771557 21.40273458231789 -1.5049274929012537
v -46.67550644986987 -27.91695568660709 -7.545376584456904
v -29.114511196589064 -94.12527645770406 -10.280513470887746
v -34.121566655406376 22.71554012522894 49.036805828744924
v -46.44000906230034 -30.640259700916584 54.34756197472498
v -57.020225677479694 -1.5295682617109247 32.972276702873195
v -18.784438933512096 -37.416436141200705 66.1839118430678
v -34.04340196501293 -32.51442887642065 39.93605814094768
v -15.780698346810425 -32.08862124474757 73.90713800702741
v -13.304734608998675 -35.5591296376731 75.54109396928321
v -30.608044145270227 11.532236552656272 46.130750012936915
v -18.136999666667357 -2.863366763764087 69.49036409090414
v -9.306941371208065 33.665331041568756 40.581758586866556
v -7.177904269595277 29.543975396382447 47.8161214172484
v -40.76555189253926 48.937984069664445 -9.592942901532219
v -8.044948313815725 56.724156194245516 -1.7242350045794925
v -35.62023327605889 23.33170902903835 24.053786037355177
v -38.39556089760654 40.829197312497875 -3.7321475203523247
v -42.08833863283619 -29.476773473962236 8.166237360513298
v -37.71790378535121 -29.57171644411603 11.945693884806833
v -46.99762352167996 -72.16787967104794 27.085731157736742
v -58.45227214728694 -51.88460323443241 15.55794064642244
v -63.18038652411917 -41.466614442076775 9.439604638550138
v -28.89363630039485 -53.76895009383754 35.058654271384974
v -15.13345960035512 -66.1352372290471 32.19712805197158
v -16.81891108662591 -87.8980516957755 20.791383598810196
v -23.5383403190665 -82.60566218030714 12.806822040076597
v -16.876807059532766 -41.939362350086434 56.10327188093213
v -17.251075900573685 -45.07281624240848 48.66309664113899
v -3.4484366182099415 -69.59636241648413 32.59748524834728
v -0.5336316360610868 20.492271045732533 17.575862051622472
v -18.831318525644622 31.529311848314702 -20.574240566191715
v -19.37610184764911 26.213534261279996 -16.4612295801874
v -16.5471968228515 14.138389982336436 -22.742491400020263
v -57.55132022200287 -1.6240586994119461 -3.7618460369067277
v -25.135467673707275 5.252198247676543 -41.11521221122427
v -52.47327634032903 -62.207879463032725 -7.042567961887881
v -12.411836461589683 -90.99844181245803 -1.1565189496442625
v -5.398640588909298 -92.82007621603528 -5.815610598883065
v -41.76516997441297 -56.15750822670094 -21.39860974435495
v -24.140008472167004 -47.34082090415081 -5.811954916795152
v -48.728010793117434 -10.677564432901237 47.164154864240636
v -24.018436668240597 2.4032153641082994 47.09259089676571
v -34.31236755879216 -15.604478375684543 51.33150517146627
v -35.29046579033072 -14.181175764824978 44.083414700996414
v -49.108427344206376 -17.007805519023 54.74816697589058
v -21.20149882454173 -22.093506392839082 70.90959397548184
v -25.087791218787324 -24.10479209878491 53.82302028149195
v -20.138655574622806 -11.80700468387921 56.20310634700926
v -8.417103953882984 64.04453463342035 16.229928154742925
v -10.276317224237564 65.96996757767981 9.697341541723114
v -35.63244226200175 51.64851432898435 15.956211790133832
v -34.64630654846579 51.13967046854994 9.259792339074892
v -44.86661770793984 -3.5076343404764505 15.271385706642132
v -58.99047247486153 -18.962694482233918 23.590443554514827
v -51.71139986005979 -18.624301174609727 19.62504855643126
v -61.900236396194884 -16.246031280784134 15.001774307724272
v -47.45091064944578 -18.61736896725007 14.654382083826746
v -39.132022000977216 -23.58302384491297 19.56550409799062
v -48.8470544814449 -64.09255771867245 37.599418768772345
v -23.614948594183257 -69.00517490444606 26.959876597393635
v -5.60477885133954 -66.0905055848878 47.23035377195387
v -4.803224610114975 5.367822065932288 36.471652053197964
v -6.056126191890152 21.24491814719724 -23.719918237627745
v -7.959022617627364 10.525150204847428 -15.877264124727114
v -39.14469197195623 -5.452780932677827 -18.344470664266602
v -28.550588718300915 -86.07168944764453 -17.278184056358228
v -12.467916164304189 -43.41687848134867 1.9119885607904918
v -16.228913903927012 -46.554420615845814 -7.424313873951154
v -10.150351197745941 -59.43006649034123 0.606341727505353
v -32.759825356704155 9.613999282048116 29.717617517166186
v -39.88938111517739 18.82185657817918 32.25789369113314
v -48.34641216716 -27.16620065499564 31.75684800653262
v -60.00306156357276 -14.209341772104368 36.18190148958726
v -31.2499194721092 -52.11122979374313 63.994812608014385
v -32.48084102546647 -38.510496102995184 37.33495061705628
v -5.005088757802726 -31.397586184293196 52.381898988582016
v -7.8733821361113465 -40.78482629429908 73.86105374638173
v -15.945547834829165 -52.68876787608843 59.98268413049668
v -21.28892974846737 30.526372721807334 31.936278691116637
v -19.3297511199537 30.68401205520751 43.35529773566192
v -19.884597449207977 16.505583639288563 58.30988765015369
v -6.85910895115787 34.8607238859518 -1.6723908308255402
v -6.128852131492761 41.55587849939991 0.7577388678809371
v -6.057989851419989 34.27711247607336 7.063455175620046
v -14.456982826894665 42.40106652063283 16.40789548296798
v -6.271557425309297 39.270735271803666 27.97198292335855
v -12.668657003410264 30.092576381685184 22.77189878335436
v -13.69102930945817 19.740552036586326 31.002848203413777
v -11.261871719027413 9.867216380126548 42.44054160428806
v -20.689907704984495 33.7946105130643 -11.424704483060479
v -22.9919445602688 40.126669676862505 -15.278633448061303
v -26.040453580555546 58.344042754082444 -8.923781950143729
v -7.366293772765479 54.52121183919869 -22.656369051344786
v -10.971328244598622 48.61728053402493 -23.221259294434905
v -9.236362285092484 30.632850389001437 -14.011828850487106
v -50.71107825628184 4.485110143312417 7.921239593867957
v -50.562495936358 16.624941499493367 12.322041009114296
v -47.10259340426403 33.548055920650626 -12.667230494535744
v -44.17245919309856 -21.753478233380854 6.518136816994026
v -51.64271160197835 -12.659156346101021 0.7072995269721133
v -33.38101578033582 -20.827237791087654 16.52841120906123
v -37.573376140148156 -10.071013065502827 1.4671059057348803
v -57.94410118938157 -38.40047356789777 37.08417682137265
v -62.96017708834628 -36.22491258126905 11.286703456000474
v -46.62614578493509 -75.45779678776111 13.423459119755906
v -26.95031837608476 -63.95136923062277 27.30770591007304
v -15.733821295263956 -37.53419077671312 38.91957859686981
v -15.971177810642455 -44.31423224693882 33.6542908491133
v -12.033265603939364 -53.56105001472953 27.326243612776324
v -7.058855681909989 -66.82416548826667 24.009543494039107
v -6.918749013031385 -2.354214463069877 31.491133536048157
v -7.3578110892895 -51.797556132243834 6.9745096596078575
v -12.175931196528369 6.92892251147286 -15.227278143213343
v -25.198423142631494 -22.45898206621093 -28.30348009725755
v -60.242893761638534 -12.00616709803182 -4.262661255543479
v -48.82349203570968 -5.271236623858645 -19.634714233640693
v -57.89926735668324 -3.763319248439635 -27.170519360470117
v -55.091874945262774 -47.95025039506881 -10.991433139559309
v -54.273415473413785 -43.425450760918636 -22.665251665218904
v -46.104775039898904 -43.65906981253126 -15.021368209071866
v -44.94092099841411 -30.643033136525553 -21.070480932729563
v -41.85088965781452 -19.435079436778004 -21.76008303246208
v -14.956644474054295 -79.21167569013164 7.106473219245961
v -3.3420318277993095 -71.37287031584489 3.3536085068290657
v -6.645711505301296 -72.27321421544553 0.12428407432805091
v -25.91904241522741 -52.36646708964768 -16.285295651217897
v -12.927610585771953 -24.49280461579071 -9.160518092699549
v -21.375526612347226 -42.89162150286358 -1.7755231507151723
v -36.913347446304265 -34.79552733608364 -12.926926828420983
v -26.028927727628282 -36.28866931548355 -15.531286684491793
v -36.11566314030372 -7.645448713829073 44.92638193488267
v -35.50423573340994 -23.48301099793129 49.70600440530959
v -29.386815875219575 -16.84714740076359 68.58085080749015
v -28.575464669804 -13.567251084006912 52.63070361046898
v -16.462132746101627 58.17682266205392 12.360491193427178
v -15.556583354941532 51.57633558430059 23.70259143861955
v -38.064006950418936 39.71023472603047 28.291518292621443
v -36.7781491897365 46.481341763024595 19.050232500197787
v -51.02125426595755 0.07197658810560792 4.997287781735611
v -52.666589144862336 7.44925365800144 0.228857155465344
v -10.316584440353207 -9.224857391591096 41.08321859324293
v -7.430244767898321 5.577944123046309 -12.567436684088445
v -4.744637339486922 -17.275192464778012 -19.542203532968255
v -36.88874803244564 2.6273069279096966 -11.018831404230264
v -50.22335585179334 -28.988299665728785 -11.847853955088462
v -30.62892899762714 -91.3280994452725 -16.215987563187728
v -26.79725797129066 -62.167498637800804 5.683246530445564
v -22.52560901271221 -59.932668095123034 -0.6200087717469251
v -59.785094692929434 4.12635472821302 21.211828541646312
v -56.087609778166346 6.05367937971544 29.10868566029664
v -46.469614987195634 2.068933620992017 27.032511538972077
v -38.84364664134827 6.6703175791770875 45.572815041071266
v -42.19890861163532 15.46825470791535 46.35088456867371
v -42.941643169160386 -26.994531949075668 38.73711766902978
v -44.48968622322068 -26.931593650284476 34.081715003540644
v -40.88615514064012 -22.992666772543576 37.520567858643915
v -50.20631890028523 -14.377454698787238 29.960856625385603
v -22.386781528491003 -42.20170627015021 54.59791996485111
v -44.01662066570421 -33.69304312050157 54.96406363058121
v -36.89378268561199 -36.71355591442954 53.165132919179456
v -5.271947050946151 -16.59915649067811 69.4012228637955
v -9.732000996990884 -23.134381881870127 60.4244776924613
v -9.08724999890219 -37.703833311313815 65.4019301947418
v -7.569411245932022 -38.91912277140432 71.83305505675654
v -27.06948913302909 22.59047250098641 34.767792131841354
v -26.687595520885814 12.055367513797995 42.76625235102025
v -20.35999125233668 22.403257147903695 46.013030312509684
v -10.577393047835168 -3.6511735327669133 63.48735197206549
v -9.41297296584723 -10.77584186586706 56.644978165955266
v -5.341838063807794 37.340958602937555 -7.344313679626344
v -8.430628686349136 33.82600441740186 32.164619211658874
v -6.996943406141576 27.875856554027177 37.68427256730056
v -5.157693224827828 63.20168515129738 -12.08451477288377
v -7.490764277843616 44.91660242574022 -14.263921044665953
v -47.35271970330847 37.45295219398186 -1.2526399463579208
v -46.78174140145925 36.889106604171786 -13.19930983457694
v -48.286623999012626 35.567667117520465 -6.803050788865301
v -34.58348371885908 -4.374159343228269 12.94659976237359
v -33.04214440422814 0.4570665447892307 13.430367862679454
v -62.771384125590835 -32.567970840131395 33.105904574161436
v -40.25976609060565 -38.27999229116979 19.166251070348448
v -44.811467054469695 -29.019914973975723 0.6941723934655283
v -41.41264841410927 -65.69042939498907 15.132716416907378
v -26.90180841505079 -53.298162304643995 47.2516690651089
v -39.55347501563399 -69.51992294321343 33.621453906894104
v -34.93422658883063 -79.3249605010522 34.696136796909336
v -43.937318250632586 -76.07984759292148 17.74115073285647
v -6.4356351903905065 -73.19387505210597 18.807656395517427
v -5.163802405544305 -78.16030643391203 23.232925011554414
v -17.524331224881504 -87.09072973369149 36.366301998281614
v -11.239782837546116 -85.73871747758659 30.13387172780773
v -9.523427457323928 -55.28466879849505 42.33795489024171
v -6.877391437384621 -60.73167335635769 29.69953542349725
v -13.397109865827128 -63.34766410203458 29.344405391571705
v -1.243586836952042 -17.265141619657374 27.34384207502934
v -0.0781313041824267 -36.52081164343206 23.249522536148294
v -21.913368228614587 14.521797794742474 -21.473335441375557
v -33.12535947070728 -22.13589684711012 -11.921203401885618
v -35.16725643286389 17.65778828100345 -36.371753967116554
v -37.739949171117544 14.529181646648272 -37.51231968223927
v -37.21415592162074 -1.851569396702298 -43.938264389062816
v -31.0438226808904 0.6819539466119102 -42.89054182754023
v -51.93884201303237 -28.92705835219027 -22.078762532003687
v -11.389924691667247 -79.18870790587447 5.242487388419105
v -12.290320416530085 -84.20027831618395 4.125247613625148
v -18.46456377137315 -86.43375321374795 -9.690143425822667
v -20.079471213607363 -83.46479623714998 -6.905546476286068
v -30.496062205570805 -66.74487547011196 -6.404926077632241
v -30.11254207920957 -66.85478028530102 -13.412833135278834
v -34.536114946579424 -54.505766906820924 -16.590303199219353
v -13.405344945421147 -34.638424823809736 -2.1927197787395003
v -16.161616396559523 -38.728359860827176 -5.780535078487666
v -53.341873592980356 -3.1314002574558786 44.15950859853935
v -46.31194828994976 1.972108680903561 47.39122244557219
v -41.84695525806611 -4.8475096678103435 42.7049554722235
v -37.88196812746609 4.892164089285887 56.37798840749035
v -31.339662224163284 -20.136688233590707 42.150179484296466
v -36.78561550443475 -20.51853470014993 34.24952715117673
v -37.27343646148884 -15.749132090204721 36.513401839424716
v -27.96472574845873 -29.8464866386513 66.77669218177404
v -25.897421734558108 -32.48878125529243 69.65740613248484
v -30.177161012766426 -30.62106007747524 52.17345367789551
v -36.941060098616646 -30.858169796905795 60.45427346334043
v -38.53270561760088 -29.99885172726084 64.45665656388552
v -40.145959002073596 -31.071072580663856 64.76007470732132
v -29.82002332522922 6.96679985454299 56.22578383599274
v -7.6526087806815815 58.38720730246297 19.62579566139432
v -36.494199744485066 54.634511588186044 -1.1105381417053652
v -21.202108165498345 56.79705765580504 4.5872383881031125
v -18.355092981730888 62.207149400550875 -2.0018477545261053
v -7.775758047035836 65.6366813470732 -7.13859708331997
v -7.050384024499961 63.111243832485364 4.838514007183231
v -41.93714909416183 30.730434965819377 28.83112779918958
v -36.630952685770744 36.30802697013027 16.699113544205403
v -33.862637439515844 34.63376172782179 10.546123468404822
v -40.14146457009966 41.05818828015394 2.8540415967109336
v -31.085614948909715 -30.707964381890275 18.627818559516427
v -34.64882262585929 -25.471412161585853 20.86627773939723
v -41.78245600490266 -9.77092677088582 15.66627602949128
v -47.73340439432359 -7.133658940461455 8.961131746614226
v -57.6077554823724 -23.673884179442634 21.415309433457182
v -41.429034518490816 -28.19648697980783 22.851393540747498
v -40.22506432141894 -64.83717604535885 33.62366975142579
v -51.46027764000483 -58.646898005691604 27.205746080696148
v -44.86667968554811 -49.494376326650716 17.069443107607693
v -55.1971629136544 -54.08144283797204 19.750858032876057
v -34.94444613352098 -52.850591940269716 32.64168619666602
v -17.047357834771162 -73.63739122553365 33.74948709082753
v -17.93646073637957 -82.40350366661848 35.79525836404988
v -25.370529573693673 -75.56070931822339 18.817298913606063
v -14.492466314477161 -47.31423700788075 55.15184594347735
v -7.22081508634633 -46.36595959501371 48.86079200157868
v -5.5048716758849 -53.62575740735478 49.80183192740861
v -6.534333875963439 10.194118647287652 28.20243108067187
v -3.6000203413782095 -15.90073558904169 33.06724873310439
v -11.5678574086797 15.934359372323899 -14.680539369012362
v -10.078517110175795 1.9520092905516055 -12.377036227219474
v -13.515427739758826 -4.472683430674481 -14.043894195050088
v -13.147928115877074 -19.368899674870047 -21.16935960524506
v -45.15174505831805 -14.335989296644213 -12.724847527353925
v -39.42064640046101 8.27556689663695 -29.440207415502954
v -59.27327124219737 -38.50121948833704 -10.18252700922264
v -62.41288385323336 -42.584483137150336 -8.45708626276663
v -59.71533699554249 -32.67267614368756 -12.74431816738323
v -64.6980660004548 -29.709852033384255 -15.076006807518262
v -58.32424791325367 -39.03921705983086 -17.591922193486266
v -62.0487409876161 -20.956397472869924 -18.46091422684087
v -18.137097320568568 -100.25705540060316 -12.547160567397833
v -37.14683900346693 -80.01267111531645 -13.60408213832679
v -37.67337772087921 -74.11749354823448 -17.092235660892904
v -9.015399000068628 -32.34842473816199 5.83644244299089
v -15.683775354517852 -37.51067935068852 4.618098455434693
v -12.649027137397615 -42.758156958271954 -3.310369339359024
v -39.84222134241402 3.9560690850761744 21.938794645513337
v -49.01058800207467 2.7365891664173643 17.77921020470406
v -53.936807096607744 -2.6959947538973847 38.63172632056718
v -41.076435020899346 -2.244596911243113 33.9724009914758
v -27.74857159511427 33.503253401122265 22.408068170515417
v -22.414401618121918 38.40385980061744 24.6431337711809
v -40.37030185393619 -35.899988079525215 36.54930844399212
v -56.34039303138833 -18.447648784930806 47.4399041713632
v -62.57600566121821 -8.325698476148364 26.235088442727317
v -58.21320624025413 -3.1371079916466944 14.77153555837709
v -23.69389634455906 -59.77872628633574 54.75993979947177
v -20.4253207427022 -53.32043650850685 58.94221920410322
v -24.31985016763556 -57.78224316443465 65.23860637701698
v -30.54232171186624 -46.88967893444905 41.60316763070352
v -40.974056677028756 -54.80999119185014 34.92110762523926
v -4.984973967905913 -19.421226100175183 50.7126657657196
v -8.541786779577212 -23.872730389028334 51.6042403691881
v -5.956668584676438 -23.68446906829168 72.24554845880051
v -3.1407169205916987 -40.776133489922984 66.74314047628614
v -4.708297935350308 -35.628213541903946 68.73927780733891
v -4.8180866391223995 -29.77265254867397 62.805105141453836
v -6.196597050751512 -43.2454586906778 68.26964253283893
v -7.561925222783281 -52.4452830540684 67.32802571180518
v -8.308778439797953 -55.34668034566855 60.26743596464373
v -13.325007381500686 -57.83128686234222 58.094365044177984
v -14.557314423433555 -63.80733572132152 61.858487397459974
v -22.17692007676859 21.49168617146306 35.941078207645454
v -21.588445695895437 25.097598558397724 55.4654981676029
v -14.307931185229169 27.32890800320726 49.35842718888181
v -11.876610549757084 21.874146816898943 56.59148251588204
v -8.395713374864094 36.506845372982404 51.652151167631416
v -0.373767839357969 28.368535936666937 -1.1478993060182596
v -10.118841100054125 -3.9293531263767463 48.8772610918391
v -36.03797695573997 22.60215865368793 -17.0883226441417
v -31.56165995723929 29.94638589104031 -16.618524008549272
v -35.71580989673618 53.3687282696646 -8.960590410122677
v -28.71549477737841 58.00044500212237 -10.680513874284417
v -30.793145159043938 45.24271883661443 -12.944713545113808
v -25.39666121564046 40.0435680173786 -9.814203045887837
v -18.744787502279276 58.99149493278424 -13.236628260136536
v -9.954279002228198 58.66578559735598 -18.260276161237393
v -25.080992461099612 55.82500922349619 -11.636695919194636
v -20.547726986551346 48.69128218962325 -12.728650027523624
v -17.5485790353693 41.82329347710482 -16.586436370897918
v -13.332652527258212 36.0870073574138 -24.809437675327093
v -13.586607731990215 30.220508364954714 -19.090161520502516
v -9.331246066666559 29.815557325975416 -20.082368657341295
v -4.872708700563589 21.247432149960986 -21.16979030998774
v -57.74220764440481 3.9140327871610725 7.572005429576635
v -48.068222320688704 10.447833768570256 10.466986669988437
v -43.4147834384433 24.757224060042965 18.32226859072154
v -52.988778919580696 23.48829750899117 16.484374240864337
v -48.16801093545276 32.690850799713644 6.954158567454998
v -52.30676918304338 23.820436252622173 6.885794718671018
v -30.828369129787035 26.578863565034112 9.611817413685353
v -37.39323541487887 33.40039246287243 -2.0181778804022654
v -26.4668540704736 20.085178448089813 -5.9927962430136015
v -56.46628075258542 -13.5926437313563 3.412305543898521
v -59.95572500459399 -5.583217550158748 -1.3335140278846918
v -34.51578940400083 -28.689194033169038 8.065215557123546
v -40.32029639896407 -26.04899529285049 -2.5438115411891427
v -36.92733156872995 -18.620670418201602 -7.5619736459837785
v -56.81913879143549 -48.32577783097671 35.11409753867345
v -60.00926384492282 -51.19321460979809 27.36931709334405
v -62.876503874712505 -46.77971041598874 15.338811476047349
v -61.83479286481165 -32.19501231499287 23.603574730405732
v -53.41449772871716 -36.167595858792254 28.251124096342622
v -46.510663504111776 -34.19262426153094 24.727142757254004
v -45.200958675392904 -39.2817233846436 25.176000652161875
v -65.38322704054087 -33.91968531575803 6.716545347129355
v -39.82974604624794 -72.70137328307035 3.512835138839108
v -49.46855503944066 -74.9940372543339 7.732304197497772
v -61.89998739461432 -54.789825979762426 -0.7493654230860702
v -38.92825815627351 -54.219505042281526 15.201700894954554
v -40.80354952296019 -56.118126645074085 12.769452995222641
v -52.02041738872563 -64.32467215938158 9.507745833900655
v -58.79734709679157 -59.96639432461503 5.249688106672607
v -16.96371818717443 -65.11192441887157 47.43187095345182
v -24.25245023824289 -63.45200476323893 50.73794509849307
v -20.126278491669378 -60.75728604417312 39.048257098449426
v -24.34113345060351 -60.23540731774916 35.25327974967153
v -28.733289914042928 -71.5585640441684 18.67710125702125
v -36.792991411432105 -84.26465690113032 25.099643229653
v -30.53562858104567 -82.52484847051589 5.377588097857104
v -27.923746497429605 -85.3477809331766 0.34630166378999067
v -18.345255032590966 -68.42070871657731 7.074734128073835
v -19.085432788230126 -71.64625840955784 16.478686252394553
v -19.5582880799537 -66.60455891716006 13.701381238487857
v -10.597501679359754 -76.39226119387843 13.76446174358708
v -4.000365498861076 -83.35375582887036 12.110737131144653
v -16.1223331355505 -79.1996090845266 28.263610963025336
v -8.259394682754422 -91.09719009492252 28.556941115600086
v -4.826118343168874 -83.53617979324247 26.32954234156959
v -3.9573654873882065 -89.07453034155628 16.142980924503796
v -2.5305593107824005 -88.7184227966091 9.79913091118984
v -8.0706312836215 -90.84895315110676 5.833642474556854
v -8.281462389887562 -101.55570859722364 1.0413025821249435
v -13.178254545158842 -100.21683911630498 13.424621921384718
v -15.242732483085183 -102.32638662263805 -4.974225522967061
v -14.400913310195222 -18.548016033403474 43.85913005046431
v -4.50474047578657 -10.381106668408865 40.108317554686906
v -15.759585174462497 -18.661509972999777 37.80392656649547
v -4.872732864272049 -35.09449058704167 39.04322013616622
v -4.200244088656432 -62.342803891012494 24.579361091598788
v -8.986802811064974 -54.98776385567794 21.652041246768977
v -4.023752647050032 -60.896051983259966 15.914164438762368
v -5.454582786176498 -58.36271898398099 10.374878336229058
v -2.7086870922829656 -2.85741507759698 3.3667375569300253
v -2.7015545729443264 -17.36421626352661 12.279874720561486
v -3.2532889674537158 -39.44445791729721 5.656565079564465
v -27.335093019078492 19.474929332581283 -22.469195271105665
v -25.55609619673124 14.699603492390565 -21.496413020266186
v -25.200770193736155 15.681857082945887 -14.613985156555334
v -30.52455681036277 7.667308408166996 -14.85294435903394
v -33.10973341018892 1.2582732179317222 -23.739354826198248
v -26.17662532040385 4.92098097929064 -35.361751721494564
v -18.08643653688023 9.980406257778375 -17.010477875613894
v -19.909926008301902 -0.023352358688571315 -11.564132788533279
v -36.06184498635275 -8.865660155095803 -24.790745860307073
v -24.886802020207867 0.17147033621932214 -36.5829317914886
v -54.550933809316405 -18.083837376906384 -16.891415708541125
v -64.52257598981667 -17.27234801961407 -15.744538869719614
v -51.88525870784224 9.807720143122594 -13.659904509244388
v -53.25283930765802 10.68474044267183 -14.790555719781738
v -46.36223001536742 6.20939799850879 -27.578141345801622
v -51.61526091796978 4.0705539483355135 -31.272091610370897
v -51.02018966065529 -12.366661710029721 -26.526679403141706
v -53.773682990051846 -19.397495145519947 -26.441321901362553
v -55.165135906228926 -18.863599370865547 -33.52909601538994
v -45.15746067818798 -17.85600516087109 -32.12016775173295
v -38.1708630487491 -13.473930858792158 -25.725643730900156
v -37.91953207875792 -21.65916062926469 -23.968363705373207
v -40.77045828745877 -85.69729351308699 -5.031080007964796
v -43.409585700343925 -67.17559472158267 -4.127815204739078
v -54.14323455913622 -51.55542107084139 -6.4543042093302745
v -57.897839043477255 -49.23199578467572 -18.872745780647637
v -56.10817654926038 -52.54198767827674 -19.55891788051982
v -54.06179642673156 -55.75984702082855 -17.044853154987916
v -42.102564029806864 -51.3495261768793 -17.845585683789604
v -44.410659687632645 -63.59108833471424 -18.045373827500747
v -38.38443974613398 -45.76340510621937 -21.7040470017388
v -23.583467551067326 -70.89697545058854 2.6648948555299468
v -10.436790209023876 -83.24286696744021 -5.514000974723498
v -13.951356991763543 -80.26174540612094 -12.265639651392178
v -34.281980207123596 -46.817748540393914 -6.9624200285737095
v -36.317422290423636 -39.70544519063751 -17.013146289124276
v -32.36531029894719 -33.658982634779555 -25.44674275371528
v -37.309377864999945 -25.84342343467674 -25.101768034278432
v -35.83707627708122 -23.565656813519194 -22.36628285194504
v -3.1797086167801774 -4.6466013609309424 -6.309323380566764
v -1.6112352908808374 -14.112815985797148 -11.731937263085754
v -4.044653619687929 -24.979649817341564 -0.25369346913298074
v -4.086679572556504 -25.892071855384454 -9.138700257809983
v -4.682599660672645 -21.63263781705754 -18.210588843967084
v -13.581672318591572 -24.022976201074105 -18.027790998616993
v -25.827804435017597 -32.440184451504095 -6.763952930143247
v -38.37430564925773 -28.716436836869935 -15.833185837890461
v -28.46869153090643 -24.39853301110725 -21.427303401067984
v -20.67690916556385 -18.136534840724362 -26.02698980251122
v -22.453812450430533 -27.561877738605304 -16.887273842841534
v 27.385948070723735 20.287166750571956 -8.645028915394283
v 11.02872647545173 36.696458790758484 -7.0140403373997
v 39.76059768251295 4.554195736961416 53.31131690453469
v 17.585795993171725 -41.88975275072479 -9.400787141155567
v 30.621159050365534 -41.6364088996219 48.74771050191061
v 11.964002182910034 -90.47108208299089 19.951389525761897
v 24.480301216799685 -63.82896290774933 17.706988646271412
v 53.873758578891376 -45.80225837649477 27.742565228737423
v 28.193604361436517 13.993199047218013 -36.99994569951445
v 8.318959347258813 -89.32943702701327 -13.507063795336421
v 29.887215739283164 -19.95807214218472 68.13812001273695
v 8.633582610560877 29.420848794176646 15.686166450036984
v 47.70133515150065 -56.985893483662394 45.63290206219637
v 7.771472697924445 18.191957547466927 62.423366297758
v 12.232801524471851 -33.60768869696039 50.06629443863634
v 21.11917779551833 -37.49258318182984 57.310687409343416
v 44.16369790773216 -25.37547238054113 61.953760605474685
v 2.011839899238186 12.887914147570097 -0.24335599706514713
v 4.851597033919531 -61.532667918767714 21.47123124392242
v 13.30616833689358 -53.94094865880937 14.878478508626426
v 37.35833244863348 -83.47908265642928 23.096280691307328
v 15.731915356404928 -82.99024051897129 3.6337881273540833
v 38.3630906754549 -37.32213136028256 -15.63793003066602
v 44.49081622874397 -63.435019046294045 5.055198395011982
v 44.28080325375106 -47.51861029852924 -12.807786567478665
v 54.39431299004375 -1.7031617319662569 -5.257055775325709
v 24.135329357375475 51.51427560884549 30.66224355284326
v 18.55742373115495 -65.8842046840848 32.46999578511903
v 48.47222634936524 -59.197978510396545 44.27028040779088
v 20.469153565338924 -44.137884567063885 -10.045405921484624
v 29.69342921973712 -89.19682738024721 -13.586971471800105
v 56.52196804907758 -10.127383817771173 22.257413455665507
v 33.13022662894984 4.844871053261063 7.860675104631884
v 3.162057229201938 -35.79417547834465 6.985810620275035
v 3.0442627619762006 -13.866121405973974 -12.815401840057115
v 4.0361233889294414 -22.050930947314203 32.09664245120503
v 9.057621386039955 -33.94558441807996 29.548796020345367
v 19.834437896385282 -73.69544226657837 21.737218896644638
v 45.43360895220662 -73.61397376757938 12.573636894260993
v 37.16100629178648 -76.51506261265784 10.98403883331426
v 20.093423280709633 14.187656980595271 -22.734397570343788
v 38.69914100709877 -33.694339473132324 -8.337765726873888
v 13.650101362680992 -91.38393426338702 -7.482385401006264
v 45.353594747549785 -60.14427222066165 -1.8068199030083345
v 56.7431931653744 -16.89002484372112 -33.73758958762331
v 23.611069074601428 -11.709565532390636 51.689189394648324
v 37.50229170247494 46.24787726234718 22.710849532712636
v 46.11959247019164 19.640359327969673 8.823100154642379
v 15.186495025261198 -85.14670521204401 38.68238064976874
v 5.358533698352181 -59.241109880206615 16.18888528443488
v 15.765627742938497 -74.5523489893621 43.8508409273196
v 43.74953191851733 9.502442955197592 -31.37426982694379
v 12.041498191210549 -83.82856542186107 -0.03544408682914246
v 28.44246428411256 -45.027242934455415 -6.853084821082005
v 21.089791960506833 8.857454292168953 63.02260511691365
v 23.228759326492458 13.812177715927923 44.8772578109576
v 24.532968041580542 -27.994965082316835 50.028783678165055
v 28.86487858580277 1.8364299690369275 51.71676052181081
v 37.18389325102677 40.3940362891116 6.895252933532113
v 5.572246196892136 6.386342068423048 28.781300894023193
v 5.559895731459886 30.49485561080787 21.798112137329095
v 7.439294905737831 2.6939203806024534 31.621805579667654
v 6.92436885098014 -70.52181167501456 38.25051399039217
v 41.110546603725794 -33.452888279233235 39.65121232264504
v 22.117782842739878 -3.921772747398158 -10.502792785527241
v 20.915073583097566 -68.09582295502604 1.9921562560712731
v 35.109847150487404 -87.83458327210003 -8.345973908189189
v 46.07899160424244 -25.585157798129906 -3.7564261558641356
v 8.760412986548657 49.89344921782775 41.1652521818801
v 19.59731312576051 40.90810857899877 31.675186039243727
v 29.980092239242857 32.29193719291615 36.69239696464782
v 12.956128660478367 6.865832490399118 43.51217888557996
v 6.061713139702505 -50.58044092709527 57.409839710972264
v 53.84296500014297 -14.73848226878216 49.33504259368387
v 31.53368598986067 -20.199170040903613 43.04605027169983
v 55.275881256501805 23.444546080900423 17.23296240220651
v 56.425791366121864 4.1033958250508 3.1324842876272183
v 20.46865753100634 30.563554195889296 -13.01153771329482
v 43.941069709192284 46.35048583719073 -10.40874061128838
v 30.263805194928455 27.968749213237416 -4.680889355803397
v 33.93484955665544 21.14141982489867 12.37439666887413
v 16.11747865260194 42.64816987394316 4.079052956682495
v 5.718201974338538 61.41988412182979 -10.595502989299776
v 8.742233366730803 54.710718315565636 -3.466525316667476
v 11.505300173752566 49.57428695083346 -9.12605875059548
v 8.144283270092366 46.825799762895265 -20.823657461579902
v 4.2378654534332245 33.8001336604677 -24.595025609455053
v 14.643149587856124 -92.83227185313255 12.346906635261714
v 7.328771799011946 -83.28431191982281 15.181123196782558
v 13.445125527503427 -64.80226788471786 9.06939079866267
v 30.849295558516083 -46.63127366641529 43.202430762886266
v 41.028626655824624 -57.41648589632227 11.44101273679216
v 41.13635781275147 -60.04119998196226 20.030093485517778
v 42.143701320384885 -77.16039438879298 25.44119154023771
v 34.86427719359473 -28.133156762072097 10.680958818900063
v 36.94369038578228 -0.13529435390863062 -44.12766228660883
v 27.87975153281473 -37.095583490424076 -9.825052894141256
v 23.12171305758217 -28.7891619315434 -14.860357478112459
v 18.230621267785835 -96.14064063732097 -1.3224238076675598
v 3.8317513850673444 -72.57274693393511 5.0022792947740005
v 25.140852399368708 -73.3404273465389 -5.60720078393879
v 57.959566865239275 -51.59663066646508 -21.01295332151206
v 39.334738252254525 -61.541971347494375 -11.72683573994446
v 45.31772090612383 -23.96723937926039 -9.255177945751841
v 58.48594982577155 0.40473294697658285 -26.92363708576902
v 51.7610726602014 -6.166038349563175 -24.317540290416574
v 55.45951432899457 -19.865463812508793 -33.51435057744732
v 54.092754524605674 -35.95554266574309 -26.414460651563935
v 23.963387496655297 2.430786760069993 63.94190242254537
v 24.034732700791107 -7.213334027337006 45.06547208734747
v 38.35497038343243 51.97445373652392 12.371911240883717
v 39.179800613179566 43.626372083390386 17.931036388971563
v 12.500370505977177 8.270145004480032 37.64067510526652
v 9.976727665239855 -55.4126889330072 58.849649988518784
v 34.27236589424206 -40.571585579861406 35.23894957712379
v 64.45575732846908 -14.714566821164702 20.379113893312994
v 36.98491096700577 -17.393190106064814 -6.811843114376307
v 19.58223716745403 -42.68778292961949 -6.03765601615426
v 8.857683356646323 26.510030449188825 46.44233793240084
v 19.0887939377657 22.926762538290127 47.612004628370904
v 22.903216265080644 -42.2064562971837 57.50098530000901
v 45.31906940695125 -9.600523530683567 27.090560142464906
v 39.276793475198126 23.8810472665471 35.04008896943212
v 41.81550080688194 -3.7774071173408608 43.82693393471997
v 48.261404091689 2.1291533808324514 45.003655459299054
v 8.941897774786868 54.63096276828271 21.296970317127062
v -0.05833508275673949 -25.11932983924181 25.617076578234013
v 7.279926146783774 -87.86383620909456 28.379102441178947
v 24.467176085096145 -55.38292627409216 54.048782786249014
v 13.967133086357396 -87.48701184132929 35.29631285623294
v 40.00613888858009 -70.87012666999225 39.68227429459662
v 57.222960709792645 -51.62493138271714 31.016744946867412
v 31.897022576575104 -27.114756570747815 19.109244725207596
v 31.229241097037825 -4.849491957435219 -34.26111695450212
v 19.57267119833596 -62.92635528092993 -8.141675002141675
v 33.76984821068641 -53.13493976697612 -8.596855961906407
v 32.8238397925636 -49.00762794540357 -12.808788871209233
v 40.46987023994677 -60.02124776394373 -18.65691794181641
v 53.403958900953796 -29.312249987534667 -18.282045304535494
v 21.40213984392597 15.158184912518266 50.819693700746186
v 1.8769219855719792 -33.05631038038221 68.71162529201312
v 39.08515715239228 29.6120614932857 15.148299223092188
v 39.23364974687963 20.347828106261844 19.35561398485613
v 34.417116470121584 10.90330147681142 24.000268714400036
v 40.6167496179609 50.35811234588803 5.651117129608367
v 25.214574425006816 49.78476306317566 -4.526672181711016
v 5.413923307693088 -7.273525307183574 40.390718921807384
v 5.123420853887277 -67.2509847728512 29.900250279802957
v 52.08757762954605 -53.606457468973964 42.91068888498874
v 46.524766861999694 -20.16368920975015 18.466527986280912
v 8.149269516852762 -17.04847091039903 -20.301165649626213
v 64.3895827123666 -16.72088310267452 -0.31295668253457265
v 55.26225030666267 -19.773200521123798 -2.3531814153345447
v 8.314409256425751 49.739030162803 30.121784731979545
v 13.538824512737781 23.470612016934076 53.67752206213467
v 12.618619949435987 41.84380932892314 41.7569643689799
v 18.1263267109898 -32.07742767609266 40.366350051147315
v 6.389685802026107 -24.81852998567621 51.74951103821659
v 12.913353469449135 -18.000367286160152 46.80657368712579
v 11.54276696140009 0.8146838259566465 46.79953478389482
v 10.84191359617047 -46.84726664987809 71.43561638088978
v 49.342560964046044 -22.729987299944685 52.48443746951408
v 30.48885954326311 -35.66847409437043 45.469173306498845
v 39.38284726699311 33.441576505276664 30.93907277456391
v 36.96039955512309 5.541856915407406 39.976218302648924
v 57.28851733939438 -1.0464829545369982 32.96546718975727
v 35.885059241939906 44.32966679887348 -10.291374869789946
v 35.04066587851963 35.254038515290944 -6.757174900033525
v 37.250716811651436 16.04365050041503 -3.9338807374879634
v 12.21463468787651 41.227568369777075 5.585424489075318
v 10.904131854605604 -33.58974181674018 0.8831419376908363
v 1.8229518971620071 -10.93948340405112 4.228027614193998
v 4.130008628993338 -21.7046896475673 -18.14709294702276
v 7.0870497191997845 -9.278558116723582 -14.629858451895553
v 7.215665487611518 -1.285465656774083 -16.03123462247384
v 8.297963134308885 2.4619442248108228 -13.463548987966918
v 7.214551911279903 10.83139010440883 -9.48772401098189
v 4.670602120935308 -48.423091519386446 29.46352192913565
v 5.2211527885967 -48.87295220943025 19.369575905337825
v 12.056767063599562 -73.37790428377387 15.505343363745574
v 15.444973640625633 -74.68139910146006 12.333442684211834
v 21.382000333370453 -71.4491355185963 6.136086118330407
v 23.468526963306864 -63.280423064994956 7.906801675923303
v 32.55193997228552 -73.6428140620371 17.042788810273098
v 18.5328309942616 -99.79144648509643 11.785078961438266
v 37.702622931105296 -65.23305210187627 15.097704428397222
v 27.756344652260747 -84.5303632225887 5.8068950013962635
v 46.249311037845146 -40.54942491125084 11.821062804285733
v 45.85312709337395 -20.525611629752305 7.243634186017906
v 64.08795873607642 -35.42274824815495 7.514899284786044
v 38.609792542806595 -23.79472068488733 -27.0027417115475
v 40.551985115166644 -18.540859468229247 -23.111471080715837
v 12.934809395567072 -80.62567313108701 -7.438730233087249
v 44.199707778431396 -25.596882965026083 -20.077834349178943
v 50.13457548422261 -8.10763654912582 -9.781100010712494
v 49.94426298002627 -12.011094571942236 -31.478687062348047
v 26.486122916980097 -13.831509966462878 66.49556949201607
v 14.095940410587676 20.26664378347072 34.411507285236574
v 20.76174519406969 -100.2582771865468 2.530599670229924
v 32.01323156727275 22.99618502406458 47.947631948551575
v 8.228514857385267 11.236170379978986 65.20050909116368
v 36.9581555533895 -13.145379647762448 37.29504536352092
v 22.616416165895963 -33.226367640623664 70.1607464237458
v 43.732794712194725 6.997566935058063 19.371559122397827
v 22.87554967267026 59.8115452403186 -12.027078707335514
v 15.330040091709474 -25.87368250320364 36.59850373591849
v 6.292535696368981 -55.27743483838037 17.48250367748157
v 20.199913010188776 -81.34374923606337 40.08752054343883
v 44.753605050022976 -27.64017571869336 37.40711990807696
v 43.19184998539492 -66.84771245723243 5.289592214862026
v 40.292780995474374 -67.07461177422202 -14.622587682912675
v 63.78105021821691 -35.33938825300785 -14.28625245838267
v 19.670505172185965 -0.7910223344524986 66.29461059467585
v 40.70641563519706 -11.228778929024918 60.60297569597596
v 49.49971440002382 30.340536292131237 7.907682891851746
v 6.768256158640779 37.56251834119612 13.618058374637913
v 34.080237634552596 -48.42366459776616 37.07857676234808
v 63.1518330480652 -23.229297318243653 -0.01658311029289577
v 9.856612263305161 39.76890982837807 48.762113773053215
v 7.688493742910027 44.55710863677475 45.930184506237765
v 20.763881142455165 34.86432633301058 35.05328151959335
v 9.211296197149808 -6.899238530995852 66.35136965963264
v 10.149052882787643 -6.2076673634432975 50.90675409653425
v 10.613521015948715 14.229940574979583 50.81854606373954
v 13.861547562445802 -50.14570202863655 70.21133356263853
v 36.391854909728686 -25.830063350319172 44.83928809936335
v 44.58325690843253 -30.869327636820014 58.0010315896468
v 36.0150869360552 28.05798828735196 31.968636140440985
v 50.012831644128255 -0.18794773111499258 33.79691363739283
v 42.022517825651164 5.994995440735256 10.085445767345076
v 30.073334477737504 35.94927333599347 -6.379064029958534
v 40.67263384989456 40.261678443850315 -5.2674437329021755
v 36.48428001469549 28.319094334842678 -6.739541339226056
v 34.661526529403474 31.67630567079267 3.335590258645474
v 10.87390236713076 52.29180917716192 8.957682100812661
v 8.900957212220744 52.78708497889067 -11.551560317196975
v 12.908843602774116 48.241735806238985 -23.715549104620713
v 4.491609557369264 33.324161490122904 -26.7914905479207
v 4.995159451240913 -44.0983752361675 42.51965605925688
v 4.223363246486836 -0.35189235514807876 34.343367487763615
v 4.036709530577307 -73.1187858994958 20.234330717553593
v 8.746564715847159 -53.16002940377044 8.870128905774852
v 24.429857960672496 -76.90392171598546 27.59875581459485
v 42.119796722852 -63.782903567509855 33.92809340319631
v 32.873576601323634 -87.96981725425066 11.860981527980764
v 52.549682302429304 -42.479292605903304 32.62815719003171
v 58.31640268847499 -41.28791520649541 26.31381542151146
v 38.56422556448007 -13.933940642523632 7.287583000189878
v 36.957110400025314 -29.20912201224218 12.84367965135069
v 40.57772738493182 -31.204571824418892 22.081837205005737
v 51.73968868738004 -30.88828303895711 8.943382851448847
v 66.34184672239654 -27.6705389932891 4.712061997588301
v 33.852163304944696 -0.05828496834872505 -16.222594292974378
v 32.646901435537174 -34.79531337861748 -0.8125548577142726
v 36.151835605297755 -14.899281749733971 -33.470177320760115
v 36.15699010651168 -4.471884540171623 -36.014563501877376
v 14.384694275353679 -92.21990360986887 5.998928452099261
v 11.648334521439379 -68.56399621295516 -6.3029200298778365
v 53.50371044370298 -54.971413331400406 -4.190403194360091
v 55.18772083885054 -54.651468498150194 -19.67724476888454
v 43.1084067796788 -43.00505005017757 -16.422866812951003
v 59.767935138429216 -24.003386894477316 -29.811119336891117
v 19.65428559570359 -11.349331140817593 58.888591563111376
v 30.538249223989155 -16.944892620468252 68.58159926131938
v 28.844072359083437 -11.372703527883075 47.55997449264741
v 43.084300942512726 38.398908859368596 24.666215620233622
v 9.879109495843204 -60.470117353113146 43.41010710054033
v 15.93576665437908 -49.65803166666781 38.188814926470315
v 8.632757238735874 -53.819755471207856 51.042488829671626
v 10.436051489844345 9.719951331415793 -15.770721656353805
v 25.662410636124662 -99.29596247944613 -10.65941106636229
v 47.38629998866172 -32.197194713250596 2.042695244468015
v 7.536641953020552 19.783820094332874 48.5169211808692
v 8.008140029307237 29.065717811559608 57.055569472203686
v 35.811308156307376 28.90722360429411 43.98126093243055
v 7.126531551436361 4.835126068440607 52.381152120699504
v 8.813802000971673 13.37552840286246 59.99438810141369
v 9.84734156280131 -36.44471991807278 67.08437008883466
v 6.585317575014662 -38.70274002144215 75.20382553628362
v 3.6227685627349606 -40.77637555793475 71.48810786955131
v 14.526191878141576 -37.53318433197495 53.343054632031205
v 35.11665615965936 -29.71425623213658 55.726907136181225
v 49.36759329970709 -4.621594148073652 49.94807457333758
v 47.79673190307683 3.9253191992893375 17.067557938258563
v 25.166347012244174 43.53057693343745 -9.827581121803448
v 49.56263367600894 36.96298280540629 -3.7248955699263293
v 7.192231928930961 57.59245623750453 26.686871138677393
v 13.841715945804584 57.15090654311376 -10.702533339011412
v 7.9944514988696165 61.00410932974775 -12.609423521290266
v 8.914303920863084 63.94443543940904 -9.38137805090321
v 11.858596378026524 58.76592287585987 -17.517959528437885
v 5.194833269213819 21.385812876230037 -6.344237179123062
v 9.51545209324333 30.168080349572726 -11.756084264259398
v 5.176631819354457 32.11623636895382 -16.12646041169725
v 7.7801423720016025 -4.999031563360371 32.02471937001167
v 7.065542129372563 -85.27604330294359 34.57851599225567
v 5.015248059206309 -81.02396812904179 32.40655414550416
v 27.648055741753694 -55.94628588179231 63.42461654715197
v 20.55244489922069 -84.9560609890977 39.840083093973796
v 44.3681156083258 -56.54947611822755 25.6577367112245
v 50.02097501890909 -57.491074633876366 15.24342501739571
v 35.46364665200317 -80.19214035797724 32.79770670721417
v 56.74927603614227 -31.190294045862732 46.366903221431485
v 52.56414398740386 -46.390659859480536 37.71967313416326
v 35.020722765432886 -16.79318451754034 19.442547159616606
v 49.12653895039797 -34.11950845261351 31.048111406321592
v 64.59095855394564 -36.80236211631398 11.538033139942593
v 43.18331197522989 12.013478669499495 -38.68629405091272
v 28.07942320793967 -30.731577321636216 -7.167407385689763
v 37.282239808526434 -9.368228990868698 -26.303659532195166
v 29.398028802777702 -11.686785395332533 -29.997871334412956
v 21.79695920348813 -16.785967744104756 -25.43654363490724
v 11.769439239110131 -88.8834598699982 2.2032065472737146
v 4.1229233087302415 -85.05576581020097 -3.3577471368569154
v 32.20389630139464 -53.184749736605546 -5.772041750387321
v 61.1066491708537 -1.5868359367057132 -4.738971875728468
v 64.8204875934713 -20.33287845445316 -16.578809487231766
v 19.87967167205478 16.952385556051322 58.24246519058616
v 7.038693677652228 -17.226404136348222 70.38526843288605
v 10.101173657604946 -8.65631855528995 69.08518791747534
v 10.426056901355867 -2.350550969599052 68.86341292111054
v 16.324647729490902 11.968221900518559 60.032864223322036
v 27.051579472679364 -29.967737490996317 57.73317085688735
v 14.322605914906678 -31.05681342945411 57.76718903175391
v 33.06396517539241 -24.43036445814899 48.30776483667383
v 33.59556100408356 -7.31329779478079 45.92234338770573
v 42.823890660660226 -8.029541526497818 55.23853644403828
v 37.4465537126971 53.15941470972427 -5.232570385599173
v 41.22541463034591 40.25072286939759 -0.15131936960608214
v 21.66428192079904 60.30395010994836 14.794075129805167
v 22.194388500761722 54.152623607709174 3.174780756869919
v 8.100432629216794 18.63862567786545 23.99600794769759
v 6.26760638220705 23.95465640042936 17.70156648020873
v -0.1543270563914228 25.7111945086927 13.211047283979305
v 11.368053832113212 -53.02825460908231 27.27526241423786
v 7.110622706541083 -66.12617507997753 51.94176352195344
v 8.274633516634424 -74.0453541375763 48.741947269324235
v 40.500808891064324 -67.16159286123137 46.80442675790231
v 34.627148178352854 -75.94166535106356 39.38519307394687
v 33.19313589618378 -66.53903380653142 35.53890138313772
v 40.36901724489961 -45.619246143838396 34.932129677610384
v 49.76107738342551 -51.70476097980353 44.08734086890258
v 56.59516804744096 -20.14065045857728 16.649283866610322
v 35.877850004049364 -6.030989761461261 -5.918225524233161
v 37.69251141505924 1.2050839036618775 -10.848485550747196
v 51.90919770215291 13.463092376507385 -18.448782070548546
v 30.23696828343816 -15.64486955198084 -12.38604842644032
v 5.189211445180097 -63.48336184630071 6.794737595264639
v 50.060497979718 -74.87251104736886 7.8662156669856955
v 42.94454592193199 -78.80553511107985 -13.910301305921656
v 7.680019973510664 29.909777187727705 36.319586064277495
v 7.759290669068991 54.23399882078181 34.413887240704355
v 18.605177595359386 40.86109286227076 41.04924164208153
v 15.764550853653208 47.17329195156641 33.60957464705505
v 30.31852279628797 32.400839098247765 26.89305966783161
v 18.33134541240672 -38.025963577746445 46.207559787388746
v 7.882546649418041 -21.856306824949197 59.3648192507365
v 9.261178544375909 -7.563164088918033 61.06847792414179
v 5.426672069522076 -10.109838892301685 53.82082845255102
v 4.675150400243229 -16.67171001861934 52.229669786430705
v 9.700999771007758 8.804189619442154 46.84636972739703
v 36.840206461361625 -48.168863394755874 53.98960713083338
v 36.596754692155166 -45.99161711861981 57.971934796636624
v 32.05709827757176 -47.620805891712926 64.48498272207293
v 18.397650229629157 -52.53572813785605 58.28341582669793
v 16.339074787248475 -38.42625501705611 67.77873939149771
v 19.56095159287682 -46.879035545707175 60.04505916137492
v 9.06288028763509 -53.594446470094475 64.84989579537076
v 45.35038670624303 -19.28909326215562 39.54037901973663
v 54.991911607637974 -17.1087184590486 46.899895572225155
v 32.21514542444276 -16.344639054559668 41.25535217238191
v 38.68753645167588 -19.70209022689178 43.67982110427377
v 42.2625499117154 -23.25020433263873 50.86060863475161
v 49.93011795232327 -19.97891227456169 55.97001856569304
v 48.34995654358414 23.50850298633387 32.56770508294823
v 32.528301901655944 14.668329852777793 27.484998509408456
v 39.128748940358484 8.460853543551933 47.61122864421759
v 41.23132274641903 4.176686550672408 47.54660408956382
v 44.82888377492326 2.164680903706934 31.129135703106435
v 54.870300810140535 8.227789751918271 29.74231558086848
v 55.06676075776875 -0.7717427786807874 40.095353730698115
v 39.4821802494538 -1.9114806560639364 18.177513338861637
v 55.71114578935341 15.867126703982587 13.916656256753003
v 53.19161290346225 12.407869054637464 2.750938901306043
v 50.07992811652145 10.6116841912196 10.543385531559307
v 53.485537125640406 16.700839508409356 18.90963463122461
v 51.16689763897187 -4.745812359505968 7.450936162186877
v 51.87048871134046 -8.574443293004332 11.092910448921108
v 63.00233989032992 -9.709615763698414 11.379505561361826
v 13.63301070211663 36.74533072830851 -26.47925158797036
v 18.697060612321685 20.65594814287196 -19.719147371031823
v 25.74768074956782 38.73183200925476 -12.17288153130111
v 23.432758933187046 28.285901082822907 -11.728418062449341
v 35.46623936493493 29.709407989253982 -16.646368607519893
v 42.884931561539815 42.10356074858706 -13.69862652481537
v 43.2582100365699 25.03927709674343 -13.136117359525839
v 30.050507507827604 28.475639137281 5.0817660544421885
v 31.41791672151553 17.561913145638453 4.686123564786034
v 38.643939116474435 -2.5120821119128696 3.0337841983367517
v 14.668139446663476 30.10815377564067 27.90183750961586
v 14.670274929600842 39.45764207181143 20.80726509434578
v 7.185891761565532 44.6131961631297 24.074827663889252
v 15.152905569359273 41.82256475369984 10.486063443209588
v 14.947427520091736 35.28339621364012 18.674305271485288
v 16.00334006144627 56.304957630027594 16.99554804223994
v 9.167231334561148 62.265799229356496 19.874015328146076
v 17.58927099584652 64.72760031842212 -0.017604696136335307
v 9.448485242094788 65.4337121059765 2.3424578817630493
v 7.852786216390737 39.68978368774723 -16.66602012584098
v 7.443181400595085 56.98938518004679 -20.350895685888986
v 5.3207815826472045 47.09890803488058 -22.43829150295816
v 14.709749003212895 33.210501713719644 -19.691441711678916
v 12.122892550299374 -41.86575267263579 4.592074494045087
v 10.508669613190028 -33.40724065373399 7.3616886582042005
v 2.7953898616220645 -25.19070034140337 -8.339683268749361
v 3.605893032019041 -2.4377370839618204 6.727815922126118
v 7.144578951475237 21.032225648552636 -13.52178808043542
v 7.367125075974202 11.071118689974561 -15.767681348839805
v 14.720857588199518 -49.033624159066434 30.98496991295852
v 8.127439194548447 -18.70744548420849 31.480778994171303
v 8.983925847455815 -42.96346056076127 25.451868311327285
v 8.878458501777658 -47.05380082025756 15.13278887573094
v 1.1650991094726406 -41.24214800886524 9.338847783213781
v 8.009990141561111 -98.42690838595446 13.454164717286508
v 7.438386890415789 -85.3544900566088 22.35739000408865
v 4.09091408404488 -80.65104287484122 10.521348843277739
v 15.15697877673918 -82.6657964763168 8.861498674110564
v 19.908442378225384 -72.66889321194874 29.096666984352265
v 15.42840773962941 -76.36012335420394 20.374051464199987
v 12.227064433244376 -64.45944640938588 13.648528078866766
v 20.59052740089852 -68.45167502008672 8.048539747954619
v 27.711804968733244 -65.16159242450624 3.6933618634181533
v 27.919264457374126 -58.28598127622609 3.0242367693616163
v 11.989204089403572 -45.29290061027725 1.6699225490992036
v 16.16725947776719 -63.50383593467497 61.62875733043507
v 16.405838854423784 -71.0700345079833 52.27549838945537
v 25.492184989103418 -59.75239533775936 38.32924546196188
v 22.737448301870735 -62.595309215867005 33.88345873831282
v 16.365604045512896 -87.52786432176069 18.520588482733444
v 48.69307390758477 -44.445251813226164 4.9666664297481615
v 46.798969306064066 -56.774450579872294 7.420387197220733
v 50.08497198759875 -64.10337151406172 25.016738147577474
v 38.507763180248574 -61.62122613696043 19.50536005829431
v 27.402579080607417 -92.64254713763178 11.042172962900388
v 26.87572528823729 -96.70108517853296 6.74180285403608
v 57.97564684489011 -11.642867846341584 40.870387537814686
v 50.86564416434913 -20.895850689745966 35.04229808752614
v 58.90420747012704 -26.300887392996945 40.624638877934274
v 60.16749233258321 -35.38394799956244 37.72613211816321
v 50.994023042742356 -35.939275214648696 47.983770240212934
v 63.102725940373446 -38.38782350322215 33.304381188608346
v 49.154267094572404 -47.351659766890876 20.617480388124676
v 43.86518764383829 -48.57411032057074 19.43854146117113
v 43.64722538151414 -51.80096978113498 16.286033110233475
v 32.49367019985928 -24.978484849677365 8.257877591741451
v 37.48226703623989 -20.445354274672713 22.063906524242892
v 34.26931813247811 -26.269450448100738 21.669167901302654
v 41.6288902198514 -33.323646926313316 10.191562534933267
v 47.8555434576875 -26.01838083579513 4.761531253109952
v 64.62359037123386 -18.604427511656183 5.024548299495874
v 66.81578582377803 -27.938536447965646 1.7504441467947214
v 17.494085930929582 14.53876477345132 -23.116814205309293
v 30.61134875698831 -5.708657277853637 -17.552262844602296
v 34.20922666044652 -4.482397670600239 -24.57958872106819
v 26.250385890620205 -0.8878903770740018 -29.996631036951225
v 34.11502258200984 5.083206213758095 -16.649518955797255
v 33.690314228730934 2.2994115402677857 -24.542408074565287
v 25.506807337416117 1.5546771379644293 -35.43377113348431
v 30.430400709422244 3.561703634619318 -31.043101856183984
v 32.48083681152257 -0.4020718511860109 -43.17763580078253
v 37.711263392411006 -3.4862550194664332 -44.304678382314044
v 45.105241122281875 -9.969067321409698 -39.372522828133185
v 49.02765236691659 -20.88075099339124 -29.29972210881793
v 20.139713080110884 -35.79247064015661 5.531950701454199
v 34.44099141903954 -37.85357871836136 -1.3884469781472966
v 27.859312895154556 -41.37359064957928 -4.416466900715587
v 18.846443200163627 -35.813375680440316 -7.590461528746149
v 23.18298567648367 -22.19276581971893 -12.00785450204878
v 35.552289393724436 -27.285856073365117 -8.593987085668598
v 40.56162358746091 -25.36837354279179 -15.356133926081897
v 16.649508752553377 -101.2486524985042 -8.637155544427078
v 25.14817229976999 -85.328586820166 -9.734604001725366
v 3.750743863518929 -77.66089247420472 4.3833679352315595
v 10.31000296223785 -79.21958395037609 -3.3072415483119095
v 5.453604774750018 -92.37642224091367 -11.465858601030378
v 23.169986886047248 -70.61858765887838 -2.8611603990659087
v 14.213148325941283 -79.28509227067687 -11.738838210782324
v 20.258306611126336 -75.5482692007995 -9.891216361548672
v 57.989106779014655 -54.79646868476872 7.808291433702869
v 58.58638857856169 -46.25055213768197 1.7059791530812995
v 55.629615467550096 -43.72982888572884 -9.579499253267
v 41.18351471346968 -64.13652712965946 -0.5731035915229401
v 45.04404514563311 -61.65046028367811 -10.87182833825161
v 57.10969098876313 -58.06282487932583 -11.498674432003915
v 54.665653515052995 -61.39599465143895 -7.57605378493693
v 55.81371350389465 -41.46409725943674 -23.839479833172152
v 50.79504350459372 11.954123588845532 -16.89712023355719
v 52.76872327209019 6.478576409150561 -19.482592104222288
v 49.67968137005549 3.447895260257185 -24.200839539691223
v 48.604768763528234 -16.01487986464074 -17.606610706203497
v 50.81719110944709 4.166463991738314 -27.976150590993868
v 49.3062716801509 -6.8304472393926785 -41.37133759032579
v 28.87466162468912 -14.588722816917414 58.62304534038569
v 12.37437775059554 23.768095737226513 27.30385152832053
v 26.72250328590105 25.25620062981691 38.25566471388651
v 5.384535053027788 -35.22885316742207 54.37526736417159
v 7.129816077003198 -30.6680997689121 58.25541497606851
v 37.60691390213887 -16.115548175570776 33.64183168710478
v 37.49351489571389 -30.767354288890424 65.438879773186
v 38.5943353743168 -34.78993347306873 62.783128298522016
v 36.69417801151168 22.92022029895732 46.41677769342648
v 50.72105323890488 -5.622773921779253 46.6973819759933
v 41.255226901702336 22.995182236369477 9.599455899848829
v 17.502193882332453 53.30047566963208 -14.827448692294636
v 29.058588737157237 50.50310056366791 -11.053546350721968
v 5.6943772328098685 29.37065523776257 -4.905271643688118
v 15.041460212076549 -29.744904924659757 35.86208131421339
v 45.694482929752596 -55.08180210334106 29.81849636931884
v 36.78790374181401 -8.657567640116778 18.41233729019738
v 24.97507203633657 13.782247840949958 -17.83124881352486
v 40.42528334174582 17.085005879691412 -32.818596415080904
v 22.343253563167647 -25.792978047313206 -9.155466271094564
v 35.83069165705534 -21.39524805427821 -21.72427389925099
v 44.81067237995829 -71.32893005114259 -16.93035776199411
v 64.50044391775282 -11.336616539499696 0.43823397101528905
v 21.32140403570654 4.330592598241285 51.570565493776115
v 26.34821804769756 4.034977193328933 47.42493931771804
v 9.21449720038303 -23.70033568509254 74.63442405481447
v 24.854325939050607 -22.578072239319663 51.65747469703076
v 46.4794652014057 31.280410827420244 22.130047341309098
v 38.67835404127591 54.282425336354514 -0.33844578595306485
v 37.634600818860974 35.4048009180957 7.89878755798218
v 26.701250833446846 43.71063975147876 31.46588845349383
v 22.766849873923416 54.08048343250186 22.697820524566072
v 30.73062460059725 47.55513173706207 6.1069794970004105
v 26.84464764100894 47.985337904176404 8.092098216499645
v 0.14370012641004323 9.26212331385132 25.17928844683528
v 8.501305037088478 32.29746400582915 10.742552892451098
v 14.310084829884635 -69.8043036881377 39.665650246558585
v 7.761043927942123 -58.80322367214093 38.71651413702543
v 5.195137383396578 -62.338161072688884 55.208743538100265
v 7.025667995541942 -73.29029718857723 42.122421667472466
v 34.026208984361205 -63.77846164463509 46.6487015204363
v 37.634420731679064 -68.96243652401292 46.5195118251324
v 35.54744739076139 -33.749102331916916 38.15867185823716
v 48.4641918763253 -15.435733406810735 19.60552526554761
v 56.1256418891221 -22.796121659403124 24.211053568028024
v 43.662549705649496 -6.619673950709461 -18.140371691096547
v 46.672214186198445 2.1207616507548557 -21.697661373958724
v 12.455998027155706 -16.222319959178193 -20.09148227674813
v 19.392727242512695 -12.027138805335012 -12.068712071020842
v 30.46324625763395 -8.962702976088908 -14.41570289845379
v 15.291500545957097 -66.6351407270131 2.590518957237116
v 13.298431285964076 -48.833676394893075 -4.558410321772719
v 30.886230785127935 -90.38800841703952 -3.2220771915413025
v 32.34894009726618 -92.62762387658034 -13.455067211924868
v 38.84726425667592 -87.09845391774762 -14.242371015159469
v 45.92313286471883 -40.81238945572616 -1.67956442759744
v 6.542588149373841 28.893891919399426 55.1020827821647
v 6.425476954326738 44.887996356734526 42.68441030512547
v 20.84739383094494 25.515390976306787 54.899316862622626
v 24.96961564431129 35.03650147288137 32.23706902182205
v 5.858374361355441 -22.459516263630473 65.49686083598458
v 8.80783173075595 -1.0837472464386613 58.32326915476636
v 15.131272182438751 -41.56601808356547 74.55628767561522
v 15.448215730390922 -46.42141875437483 53.415919059771845
v 28.065655128027764 -36.1399219241613 51.35664072161189
v 38.71369415607276 20.248062247687614 37.045247593322635
v 38.34149616341849 9.193911782444705 56.18311820095589
v 42.22607042099266 -0.8339897085749562 35.79899127037824
v 49.76892744363577 -4.911155630184621 26.334316048788192
v 35.15573339304533 -2.4421067318839045 14.962386782787354
v 45.59445864287908 -2.3428132087906155 15.666507149524936
v 63.063737570593425 -5.93015242953346 10.167719285851422
v 20.668737585010938 31.933526461449276 -19.287731199460143
v 42.45940698704171 49.78473807311259 -7.05375154307509
v 31.433698250083467 16.50292971838421 11.710460832834746
v 15.111380658516081 47.22101848112682 8.875440871004487
v 12.392187220007626 47.23884752153777 -1.7710551580903047
v 10.117327515241595 65.51773178421804 10.084420611037315
v 7.485699264645228 65.52531807246132 -4.554357610883083
v 7.502315429632796 42.82608012488516 -10.110847257188071
v 12.514513723533609 41.63840952128882 -19.878022751905345
v 3.232243541590204 -21.855619773023804 4.047672207035415
v 3.058229552910844 -6.111467049444565 -13.43736419337648
v 3.8923707872444284 -4.0258575652215915 -7.604149520792627
v 5.6876965670418596 23.987140919174507 -21.249029492181837
v 10.156700283788098 -38.782934942310305 35.60182902868254
v 8.128188769388714 -34.852525978424154 26.75071236888509
v 7.517933369080613 -44.80984779169461 20.7416541628353
v 10.286198764297254 -89.06980903768891 14.507923914550766
v 20.08332695596223 -65.40903376196114 13.493527991842367
v 18.724652238820838 -57.010158788522304 9.820038131943274
v 26.47932108897499 -61.133986978558774 47.17475082211732
v 27.333001955324004 -65.03846901691074 26.70743346027022
v 17.149616034675976 -86.63240986542436 22.85227830226217
v 39.80158641385984 -72.30875375793201 28.904146602157315
v 25.062226013777636 -92.82134156482763 19.2494704580546
v 59.76117875891749 -31.063972612190675 41.09549063725707
v 60.62657519972321 -42.852447969657 17.785389676864273
v 50.143957219933384 -23.283084142185803 19.34339455281444
v 35.534231917995356 7.9969368527924765 -12.738069502721828
v 39.96803717176532 -0.4941292065035509 -20.09740464581984
v 40.96380195966933 1.6563347570887093 -23.763589436934115
v 35.21886893972277 17.41520809570811 -35.300293614667076
v 28.062425781719377 7.076733645511299 -40.27398114172535
v 43.45765319713641 -1.2207292624932857 -35.646422468237475
v 50.951012876324675 -13.521473033625988 -38.9683495118095
v 30.912573379427986 -24.67065314428259 -20.323790639864797
v 24.498210775715414 -27.74295707270881 -22.36548434035753
v 24.28920222851123 -7.209723372412485 -33.64930309081717
v 10.527400195172461 -98.46280161916079 8.578836189447575
v 8.088535506464725 -95.56439426677701 -8.991466705664195
v 9.761064608207777 -73.81564941417871 -0.9533359853289056
v 32.80059243908205 -66.2363684432023 -14.70002325494721
v 32.54780490224102 -33.57080346024761 -24.61839615631994
v 38.724253847560746 -33.02681010441 -23.34615251938654
v 57.54238702057047 -54.23644921095844 -1.6914504735207907
v 64.76658714186216 -42.1757782551839 -6.89480676572278
v 41.16222572621722 -74.95505689686648 -5.443926719563445
v 47.508936468404904 -60.970097161613296 -7.268352071074673
v 56.49178243891394 -56.724370308464806 -15.619242455868447
v 49.3707208578275 -16.791095925023413 -2.5768570560283464
v 57.331777786958014 6.282998156318792 -8.605679216026452
v 58.81074473369579 -0.1797980794718641 -7.609378296591149
v 48.91008866296301 -6.7861942151958745 -17.930169950940744
v 46.634396318833424 -20.662288610048126 -7.516168189768901
v 54.03651079382404 -14.513728598054756 -19.94211553636922
v 60.90316479602517 -12.161006380692985 -24.564203707260734
v 56.34806955018481 -21.339003103603694 -25.73528943712496
v 56.78494017141003 -19.790212003989446 -22.96367977384682
v 21.621705518700715 -4.10969745772748 55.43001046997026
v 16.723196930756686 -19.092057087398565 71.53072274261842
v 15.364431142504628 -22.038264744011826 71.32817466226577
v 36.59115375980915 -12.563273350321564 63.91922245338753
v 38.19156086316007 -17.743474638185504 63.386468418070194
v 25.4600675390688 -3.8110582541672233 44.91057354419548
v 48.82520611205389 28.744922869106322 28.599242206623288
v 34.72845187784014 34.38581540861012 14.941502044113438
v 26.886973969300715 42.72311646739409 17.236282687853862
v 31.312648291972774 48.588927652340956 13.776196660237197
v 5.950242313337998 16.575960284476228 27.552879474474846
v 4.679487443469538 1.8887697706080049 40.12186137190327
v 6.152822026291529 17.16498501075602 32.447245374406435
v 5.440020600691608 -65.35673459812556 40.227415001362246
v 6.968898389590064 -56.86835108109476 45.7375493889821
v 36.46359389648859 -56.473448493692096 38.47510173154977
v 39.30242382282085 -10.806108189246164 -13.196377622022593
v 44.08019360399576 -15.20968965386534 -10.880397803024213
v 23.061032873553714 -57.18363516955705 -0.5720588565382854
v 24.585535888615663 -54.39094821659046 5.78868277532968
v 28.270635063938162 -96.93100690492258 -3.1135902065890253
v 22.30166228202931 25.74073629739513 37.99023386767391
v 5.192971570271997 -39.82796256882797 61.88879481595321
v 5.951016839154485 0.854630346670927 65.6643368706474
v 14.461605899747443 -31.42672207759589 74.51140151413053
v 12.620175802406642 -32.809238147121405 76.41788358147299
v 10.171574804204885 -38.769680285899746 59.764459593980135
v 11.880969631232277 -40.85878363923953 75.58943069422824
v 38.48908684467228 -20.368655177989776 36.57788962745086
v 44.53811013741343 -9.798255595205212 40.36516815380026
v 50.679727673425035 7.64685763878751 0.5317865842477382
v 43.32004344096624 10.996006777356788 20.917152699525182
v 57.6254936018072 5.187289562201728 11.989473837998059
v 51.10342345405022 3.5472851903032963 22.658351802718723
v 59.635366304441156 6.608307145594427 21.853038259607697
v 20.5020123341208 45.68185597040024 -11.744810199619609
v 51.39390627383423 30.396374630575913 -2.0482995641626784
v 45.88649827141992 32.76597573484715 -6.224136150361551
v 8.235175708857058 49.97261615695319 14.674497722027027
v 22.582187564167192 62.05352966873278 2.6945317070463246
v 18.30774962034622 61.40027504465445 -3.781996301336597
v 2.378904787016026 -11.961852987309042 13.64650491277436
v 1.9007702796738244 20.58217246189561 5.279556663050706
v 0.6872346038402396 20.74887402133819 -1.7388316725421642
v 5.093781708038169 30.31986247714992 -8.202856727231673
v 16.753125358703407 -40.10888142159745 40.47467766007003
v 5.362303628263457 -38.31574770279494 42.77735744266568
v 6.4818551789431895 -21.666378587420105 28.413820647406304
v 2.281313055219977 -27.973130430556616 16.427482772757898
v 3.848675411481209 -77.56698361510618 26.156827531733594
v 15.389197505249305 -62.17948380549391 30.512486944366923
v 17.5603518862564 -60.10972397266513 24.91773300420805
v 15.474162858062046 -56.67153636926153 22.83015846635951
v 22.278393484078183 -57.336532007905454 20.101444393846567
v 25.49715149253563 -55.34746579855748 49.54304055689316
v 24.01001120620378 -79.26315401856893 42.692208107707565
v 23.014664775149974 -85.9251513757759 32.57957781865843
v 24.40368643773904 -86.17381636266741 27.482418253217382
v 44.60536318178749 -70.23196853146236 31.118625287400675
v 37.2615189062893 -77.48297165216692 32.5192674828686
v 44.961506932612224 -76.49861501621977 16.867147951545633
v 37.81697700217406 -84.2171981067939 16.368623194770134
v 51.81266388231719 -38.47786360454521 27.58356216441766
v 29.772524849820062 4.0124734763504435 -13.076182933126525
v 41.716833564807395 18.594356618220335 -28.358778844216772
v 38.16363050540775 5.253825744576671 -36.01589077170978
v 25.632981951556747 -34.06176113968229 -3.4433247395772297
v 38.50716553978225 -22.439036717989506 -12.716223835406117
v 39.634380286892586 -14.887865541604596 -19.57339334339061
v 6.634299349188765 -91.93902531495678 -3.595843446883583
v 28.037435162110658 -60.35925710295254 -4.332442808715813
v 30.27911739113324 -64.74438031731623 -5.6070496544236645
v 28.067910140514797 -71.84321838602341 -8.68055507502647
v 35.22463136269029 -33.31086163947381 -22.248593060265623
v 56.36504276410794 -61.81266000462993 3.4294247258649007
v 45.14288588679919 -66.34304922139367 -9.142670986481608
v 42.806458983403054 -56.27613107521211 -9.93666627638908
v 49.62340613310286 -14.850029897478162 3.9781183859651974
v 60.55103198830421 -4.993710830923917 -1.0065521164661366
v 57.200081272510346 -23.813291277615704 -13.68175623846228
v 63.56563311070001 -15.091506927184136 -14.805541713256575
v 63.15422393170588 -8.688832193216683 -19.875540798587163
v 26.732413603075532 15.27938166010053 43.00807839348389
v 4.23720780877815 -15.562540448326583 66.45561233360228
v 14.615603592699438 -13.065653967837473 61.59236073974773
v 14.287238939762638 6.520243913323975 61.27657013028635
v 25.147774782892572 -30.372669450014524 70.95173660469217
v 17.75378713134207 -32.84887861883933 59.1273132825079
v 16.629044342827797 -25.92450430473059 58.68279149957568
v 5.3640510018278516 -35.13241992293159 68.43475894648044
v 6.283099760723091 -31.624488798823517 68.99458532121417
v 35.0304628463209 -14.201659981054084 51.80802118517445
v 35.490448389354796 -22.141184080216664 50.63924829874656
v 34.19924957465245 -21.80089328793668 61.69478114441032
v 34.367932989039716 17.69574348680632 49.7925357307218
v 34.092341700028676 6.03078732671175 57.87215364323461
v 44.08272838920267 0.89711679827325 45.38531769695
v 38.70297014474981 -7.612616480394284 59.210283367708186
v 52.41227593558574 32.48127351350096 0.6418193724177362
v 45.025612023262546 24.950303776632612 19.526779411223373
v 48.82309808666208 34.92393545188395 4.320954861298225
v 24.291306599406205 60.88062669364908 6.43209683552906
v 23.921952468369412 48.77747502327855 16.453554808020304
v 21.298444629863056 56.36705103254311 -2.517296153089566
v 26.302160150194478 48.17525698700901 2.083983384363233
v 20.124614640226458 54.80267427967007 -7.865294987437696
v 1.3231272427004195 1.8475005751502012 19.269871597217417
v 0.06090455316182105 18.571786836512402 18.922643510603496
v -0.4966602522868968 31.029722408712317 5.085223294471639
v 6.617879655759681 33.60220400078598 -0.3682879389537797
v -0.09807926669789467 -8.737134824971804 28.19374149541017
v 8.54250191134307 -65.83752200944822 27.081248329011228
v 4.6864895087690375 -58.72250765276489 26.131590535395006
v 48.216543784603324 -61.117644298666384 33.451497240418
v 42.598724656806226 -62.422807951387405 45.79716111420812
v 45.31529560554287 -41.12663853474252 36.602371113540066
v 44.471599793510535 -12.989981352098221 21.12859604486145
v 14.89614914851643 -22.936952384323046 -19.31671616296015
v 5.617515777778468 -70.04814254012197 8.954327882481397
v 6.477317200021745 -68.39471868970355 2.7485962366937233
v 13.812156092624 -59.90713309244784 1.891373053923166
v 10.01815176904106 -59.150739760434575 -1.6694108285526286
v 16.140564453359577 -64.05542566288369 -2.865741536730794
v 41.229418810190694 -85.88159462348034 -1.2267658217338844
v 44.1768527250072 -81.19422545408378 -4.238097120302711
v 44.53188624018419 -82.97004156747313 -10.382083175863857
v 34.398766755603056 -80.59696207415813 -12.910173019183306
v 44.05314339157556 -31.81662551357705 -1.1657305909536355
v 47.55512691627249 -27.886912088333773 -10.673048252691725
v 66.28715801584016 -26.449185589044806 -11.914753772995802
v 9.403519332332381 37.36904798386409 29.056557268810597
v 8.134680014800798 36.70073360826568 40.19731937425826
v 11.957659375264145 30.915046278028434 52.37404981368146
v 18.785642280281614 33.648348734284404 49.05073617040249
v 16.22012188179104 53.71372220276145 23.18124473075245
v 23.287621806832046 38.99482594283892 20.843404963167703
v 14.68141818814356 -46.51219681862729 48.749923632716964
v 14.32941615048477 -43.14023607111585 63.225104514547
v 14.51634270947379 -13.187220841612845 42.5018193659522
v 11.557513073832418 -3.5525373616177953 43.268267655475235
v 34.624679532920084 -52.67259140993117 60.41242272214779
v 21.72777821515419 -58.63753402679712 64.44964046447157
v 11.233262681893326 -62.11891101633643 63.37352863170828
v 62.38979724794704 -7.246899451714685 28.92043683812979
v 50.9825578739922 -13.260944657822652 29.748864106173198
v 46.248054189465904 -16.867253774613868 53.33537722334039
v 44.164870678799495 -24.91105267228081 40.26554130840072
v 30.477205406845396 -39.95285551960031 41.43012681864126
v 36.58563234612376 37.51346808481254 24.22614342803236
v 42.31721106046266 27.346000616180433 23.205823630419964
v 43.073983411107854 18.80028416457825 45.10441236208509
v 32.85156717158756 5.419580531681598 31.086338795049848
v 38.49271348661654 3.392602926478984 25.277628500704633
v 58.06131532428607 4.051430135441769 31.88757412547133
v 59.973855052164055 0.7559149781891205 19.611631297750684
v 53.5114287108644 -6.012237176300856 20.385404769619768
v 33.499041172478485 -10.96137601100538 12.98787580973613
v 35.489433545928335 4.886263092158532 14.251493902650415
v 54.26727474956768 24.413723720956845 7.655928231901689
v 52.13214491014214 18.60727469094859 14.089353458950244
v 44.258043089821626 14.45029800879522 6.1914933314780045
v 52.14691686574349 8.881123637886366 3.5229334557757097
v 57.70603756780086 2.068524455944245 12.938116780267697
v 60.863769454298684 -2.358599661740247 13.366935715352442
v 52.628573701563504 -12.476853569967407 16.98227199421666
v 65.12488902165481 -8.84055581802803 17.26506981184968
v 12.687450014939092 23.290690031722374 -26.0205813582203
v 17.49979677425384 40.347673397103705 -17.400464227025154
v 27.67503242425535 25.969306980793075 -18.13795381197122
v 29.58589623020311 21.214857750817032 -21.564682338720946
v 27.852503652336253 22.732193502500408 -12.966518225049347
v 34.12442587158555 55.448926342763514 -10.515730017558555
v 32.31895310379602 43.45122462370044 -12.666549599794145
v 36.66711011718935 50.323668133271 -9.0055692152599
v 48.32143449059934 34.77621672461358 -12.044817443916914
v 44.934641458042634 28.927002704769446 -13.378041466404353
v 34.13773073552964 23.931668039006226 -17.785705553046167
v 29.07242607728274 25.74877847368045 0.04216538384472036
v 38.00528346015592 4.857599249531567 -2.865943457822029
v 37.797589168020366 -9.232772489012643 2.030081187189413
v 10.419588781497488 31.625438673566297 21.38445913607367
v 7.2167389909318445 40.11224527756511 2.705407847245055
v 9.936957245988797 60.4034593264649 24.691613852197815
v 17.534991713651156 61.703443668548374 11.167278113284047
v 16.36501102317111 60.25951393950262 5.65579672987443
v 8.869937184627723 58.20546326420356 5.392278716583312
v 13.784065237376822 44.03667193511214 -3.0190265617920002
v 10.68350810885621 36.99828291439172 -11.083599588123016
v 6.541609965122197 54.32003771921019 -16.840651548624063
v 15.077145329702786 -25.778273384728873 -7.633870366639624
v 4.202473989425207 -24.227900147859515 -1.466713154892576
v 2.5998571113736673 3.6212794780470885 0.6244921920011233
v 3.135245288526778 -11.0552430027434 -6.449819293396424
v 1.4783644627181116 -21.185375606002392 -12.978161668061835
v 5.425533803829138 18.88938275186899 -24.341297017604525
v 6.608123047833583 25.25724009650766 -24.9967260663656
v 11.958143437640606 19.320546335782748 -13.799386418176526
v 11.774122951748867 33.370739949707676 -18.677984164036026
v 6.224464372934204 -47.58842951543262 47.767014425592336
v 4.70345552700011 -22.423796031230033 39.88995474712488
v 4.5322360171926634 -38.21716410952306 31.115123203575845
v 5.6042427883138695 -32.99527550309318 35.42721374303959
v 4.413204121313966 -45.07795292913423 26.733619687886165
v 0.7526332307245858 -36.400630216639954 23.48870095229807
v 6.802196313456519 -50.44874092443864 11.30946772208374
v 11.529549042400465 -102.87124867312822 4.824856850310454
v 5.000655837387248 -90.77319810940992 12.425850268279511
v 5.481484932800068 -92.28210276010121 5.588407543058777
v 11.244389180404555 -87.59829196109212 8.570725186392785
v 15.914827585141062 -78.89295040123353 26.035521085164763
v 9.097536143634425 -73.72638612992019 21.6723618784823
v 20.874334070607098 -62.559189219204754 26.813861150279887
v 21.431192522436845 -66.50933774898094 26.7093030969923
v 22.484745918654436 -68.11869614027536 17.594373043881074
v 19.960739130165468 -70.64554317343048 16.776805831016034
v 2.9529976335113113 -69.17405844898667 15.602890979723313
v 4.530829037628233 -68.81047673504791 12.92496803804709
v 12.598270429793995 -73.4559272059796 6.531885191716097
v 28.216840415429278 -54.240866550007254 41.71226574470259
v 10.810070705641406 -69.11006470899446 55.664221837344584
v 18.333071414386197 -71.01650705013257 45.223189115790326
v 21.672375445569575 -60.88989275241598 41.478503186062014
v 30.199598833488054 -62.18877622378713 28.106009316637238
v 33.651704305810725 -69.09618320020661 26.417105785917276
v 27.93986052146906 -73.9678746464925 18.580528416526434
v 27.705925418732207 -79.15265277499256 12.794351693289968
v 20.068489717338668 -85.58019045664803 18.552472197757023
v 21.284505123490412 -95.68048669781983 16.994997813544913
v 35.693928944761495 -79.6220815948381 2.165762115279576
v 30.128500649221742 -81.9570213600889 2.063404814159029
v 26.45352298279974 -92.00830212014189 0.5924325913107895
v 56.965877113171864 -17.241993544517573 29.030122890404026
v 52.40584328598964 -24.161484166668565 35.761288166385285
v 60.95908648773255 -25.668785861332413 29.110640570151446
v 53.77397016695867 -42.27117682588324 45.49502932055561
v 55.968745334965135 -38.191742612572014 40.28641450191923
v 63.03207856429364 -38.1597866325861 23.43557798583574
v 44.650229563676234 -40.447010887219115 5.125229573492492
v 37.43378331244858 -24.326181596993752 -0.9914850271182615
v 34.99862715876032 -17.721842021422784 5.0191220076823795
v 41.60854162993837 -25.360496912829845 1.0407283754426924
v 56.770195373277694 -11.859634194501869 1.482723976858608
v 40.38867249212498 -35.27614385937291 21.831458770734024
v 40.29977478129315 -36.639304252399256 16.27477639387272
v 33.72727597938729 -31.79870232904548 18.120738548157643
v 57.512954528466686 -31.37391395271313 1.177058517573323
v 47.404459046652946 -36.329270427012844 5.8513490710403575
v 15.868945813551072 23.411155493946623 -16.255911628695877
v 19.10128835374764 13.04952971274368 -14.515083267516257
v 20.568898825494742 8.227281201810072 -16.003906027262364
v 21.859344075816512 0.17932861118388876 -12.384464259308185
v 32.84090367374172 14.759515335605283 -7.186176818155949
v 40.70827948965549 9.023736713922707 -28.29488997267652
v 37.55532757304787 8.883863676913245 -32.243149268032354
v 39.311940900402384 -6.375927331365439 -31.1591529074762
v 43.57692162218103 -13.774076558916562 -25.451354142002177
v 14.496971524654935 -41.419323914292576 0.033961412812117654
v 27.48627672830987 -39.16752524010993 4.240452420060971
v 19.67241715037322 -36.16667021548349 -12.482726812554057
v 36.82833335652822 -35.478539653140004 -12.247937338799048
v 27.4809680431981 -32.11486637984008 -17.710043326265563
v 35.73360746555633 -41.976983509944695 -8.937465167202712
v 23.449432413016023 -13.287543631425368 -31.923093941063215
v 28.05891085057766 -23.922178732844678 -26.678153442821728
v 33.26566002444094 -18.230187890091468 -29.682243770720877
v 36.04322308776599 -22.09340080318457 -23.026873088871298
v 22.84197612971087 -98.71803457128074 -3.141407770405848
v 16.518921794979395 -91.80043476325105 -0.015280040249840286
v 16.08784425772238 -97.45058547423409 -12.146490346399606
v 20.963065658036207 -98.2542006372413 -14.813139524891055
v 21.297037133053184 -90.60744478639364 -4.717440831553935
v 31.181982549288822 -79.44729532580077 -8.663489106566637
v 3.042963068661099 -77.52660339858342 -0.1660110771007454
v 4.3183165585572265 -80.23028113998592 -5.08121387996857
v 15.114161251304546 -73.76014243537601 -7.138261955333823
v 16.238352331800982 -82.73126508006675 -14.149874988766085
v 21.2632314220257 -80.2525773740732 -8.419730873449213
v 32.71436302137101 -75.5009523762362 -11.562719682310213
v 29.30931530550453 -69.86353326577213 -14.07656689196275
v 27.979688633575428 -59.33419546501567 -13.623002352639654
v 30.0522558474258 -47.09284641124892 -17.681444641329154
v 27.9852781601885 -46.080552462029665 -16.238381263748376
v 35.28762719748026 -52.995444497412585 -16.088583520009966
v 40.115538400069376 -40.72197864375929 -22.50591697059334
v 44.51737422495695 -35.02024108626003 -20.160387805228392
v 55.706740073844 -42.785018157218175 -3.5008636233340162
v 65.14554668928004 -45.165388710176074 -1.2016560332048656
v 64.34427616968581 -35.393539960972966 -7.452266291888601
v 53.9496254093811 -47.47570874652137 -12.113764147795406
v 58.600514849317776 -41.82125302025612 -15.035199964616774
v 54.78429248372516 -38.241706134579516 -18.890676698524707
v 54.38464299513863 -31.968490068723955 -23.12675311527316
v 47.71697885784649 -44.57747260450588 -15.625582713373928
v 49.9082858076497 -27.234014022856844 -25.940275738360445
v 53.93705642638373 -6.682729137350049 -3.656824027486076
v 60.747096358783764 -7.509942039271925 -4.985252957697061
v 47.98586343640428 -12.066460278618178 -15.59131174334066
v 48.370765349762124 -3.6484344525082903 -23.018524066316747
v 52.13754479189416 7.613365222325548 -31.694569752887638
v 45.580926056244145 8.139414218111822 -37.37602961752172
v 53.800773326913145 2.70400796313146 -32.4427209362041
v 45.536040189226895 -1.2014625308401978 -32.07961012277634
f 190 473 474
f 2 718 61
f 465 466 204
f 3 522 700
f 3 700 525
f 6 703 205
f 206 70 704
f 208 614 207
f 6 205 323
f 272 374 210
f 616 209 211
f 533 532 273
f 624 740 218
f 636 360 553
f 10 226 558
f 646 560 37
f 11 83 561
f 797 572 793
f 293 95 579
f 278 583 659
f 823 238 821
f 14 240 663
f 852 104 246
f 852 427 104
f 308 859 251
f 19 598 253
f 884 603 261
f 884 457 603
f 693 609 548
f 474 613 206
f 480 622 275
f 856 622 276
f 482 626 412
f 488 641 640
f 491 647 646
f 377 288 492
f 285 650 649
f 653 652 493
f 498 658 656
f 820 821 661
f 845 130 304
f 878 452 311
f 889 460 517
f 696 695 68
f 69 707 697
f 700 699 698
f 527 82 369
f 71 121 84
f 531 381 713
f 374 785 328
f 333 335 334
f 212 720 336
f 34 141 540
f 193 343 779
f 622 855 275
f 736 344 855
f 869 348 347
f 746 748 747
f 351 350 749
f 351 264 350
f 547 149 627
f 549 354 353
f 224 551 77
f 36 356 714
f 553 359 126
f 361 362 120
f 361 22 362
f 642 643 770
f 645 773 644
f 83 374 561
f 89 786 435
f 32 382 381
f 38 229 568
f 159 387 92
f 798 799 512
f 27 795 389
f 390 575 798
f 400 810 397
f 812 41 240
f 400 481 97
f 662 238 823
f 662 403 238
f 240 406 405
f 412 166 411
f 101 167 413
f 667 414 129
f 668 418 837
f 243 838 419
f 407 421 420
f 425 424 423
f 425 843 424
f 44 847 246
f 588 216 431
f 173 172 733
f 859 174 590
f 249 862 176
f 45 441 439
f 312 597 813
f 49 456 455
f 683 179 682
f 888 181 180
f 744 599 889
f 50 893 462
f 261 602 316
f 605 550 112
f 463 186 464
f 113 466 186
f 113 267 466
f 187 899 114
f 470 469 116
f 914 912 269
f 450 471 611
f 450 595 471
f 473 613 474
f 787 276 480
f 55 482 167
f 194 57 700
f 487 639 287
f 485 488 640
f 487 490 702
f 196 289 296
f 790 59 495
f 61 298 2
f 499 663 61
f 503 299 502
f 63 506 62
f 199 877 311
f 516 314 870
f 684 883 315
f 3 68 522
f 3 696 68
f 5 523 69
f 206 320 70
f 205 701 324
f 703 701 205
f 614 527 369
f 207 529 208
f 211 531 332
f 818 727 214
f 75 339 143
f 215 541 340
f 219 869 347
f 282 547 627
f 221 548 220
f 629 550 549
f 761 401 368
f 762 526 637
f 78 363 554
f 367 555 364
f 367 365 555
f 285 770 378
f 775 370 557
f 10 227 226
f 227 777 371
f 650 378 88
f 229 565 12
f 229 380 565
f 122 570 292
f 232 570 122
f 91 386 95
f 793 571 92
f 93 573 388
f 808 394 578
f 715 235 138
f 716 395 235
f 396 809 94
f 95 397 579
f 580 96 581
f 583 163 398
f 583 399 163
f 97 481 42
f 102 417 416
f 586 420 243
f 586 407 420
f 9 856 854
f 175 591 302
f 107 45 439
f 251 593 132
f 178 448 873
f 913 178 912
f 813 280 596
f 110 453 681
f 255 48 454
f 259 459 888
f 259 462 459
f 890 599 747
f 260 891 600
f 601 461 260
f 17 467 862
f 271 3 472
f 472 525 524
f 472 3 525
f 206 6 528
f 528 20 474
f 617 325 476
f 477 617 476
f 210 617 477
f 616 74 476
f 273 532 619
f 856 855 622
f 279 625 278
f 284 634 697
f 484 634 284
f 484 224 634
f 57 225 764
f 639 364 287
f 706 640 79
f 772 775 643
f 490 645 489
f 490 558 645
f 10 558 490
f 377 228 288
f 289 651 26
f 289 564 651
f 290 564 289
f 655 233 295
f 717 807 716
f 660 659 140
f 660 42 659
f 60 97 660
f 404 239 298
f 61 663 298
f 664 409 668
f 503 824 101
f 300 242 504
f 300 835 242
f 34 129 141
f 130 841 304
f 130 670 669
f 506 846 672
f 506 246 846
f 305 852 246
f 305 105 852
f 16 305 63
f 16 105 305
f 309 678 865
f 198 514 513
f 65 178 873
f 314 680 313
f 517 888 66
f 135 111 31
f 135 263 111
f 136 688 352
f 318 136 317
f 689 266 136
f 895 268 691
f 67 354 204
f 270 611 67
f 68 694 194
f 68 695 694
f 321 151 485
f 699 637 320
f 526 705 704
f 321 485 706
f 207 369 195
f 82 527 322
f 323 82 322
f 205 644 323
f 713 381 196
f 530 708 531
f 325 209 616
f 58 137 328
f 211 710 74
f 711 710 211
f 332 712 711
f 138 497 33
f 139 138 714
f 333 139 619
f 715 139 333
f 334 715 333
f 334 716 715
f 335 498 717
f 237 719 336
f 534 720 721
f 534 140 720
f 535 722 359
f 722 127 98
f 536 722 535
f 723 722 539
f 723 127 722
f 724 666 34
f 730 729 339
f 35 733 732
f 35 734 733
f 673 779 343
f 145 736 432
f 147 451 741
f 147 546 347
f 742 451 147
f 742 254 451
f 745 744 743
f 746 745 76
f 747 599 746
f 748 133 747
f 148 882 200
f 750 751 317
f 548 753 864
f 353 754 221
f 631 803 630
f 756 631 632
f 694 757 194
f 357 36 224
f 356 36 357
f 358 759 356
f 37 760 358
f 553 761 636
f 126 761 553
f 151 56 485
f 152 762 78
f 152 360 636
f 360 535 359
f 363 360 554
f 362 763 638
f 363 763 362
f 640 641 79
f 768 665 81
f 768 153 504
f 153 769 728
f 153 81 368
f 557 9 771
f 369 642 195
f 774 772 82
f 775 774 773
f 775 772 774
f 777 35 371
f 766 779 559
f 766 780 779
f 560 478 37
f 781 373 560
f 374 373 561
f 707 85 284
f 562 11 86
f 784 783 782
f 784 785 783
f 155 122 494
f 87 122 376
f 377 87 228
f 564 563 651
f 379 786 563
f 157 566 90
f 568 229 157
f 38 158 380
f 384 158 569
f 570 569 231
f 788 443 385
f 799 198 512
f 796 792 791
f 796 793 792
f 797 793 796
f 795 794 389
f 390 796 795
f 798 797 390
f 576 160 26
f 621 803 577
f 392 804 124
f 235 297 497
f 236 395 807
f 813 596 41
f 515 813 812
f 162 814 718
f 398 237 125
f 816 546 741
f 481 54 42
f 400 811 481
f 817 584 43
f 98 197 722
f 98 820 197
f 127 820 98
f 585 819 239
f 41 55 164
f 410 826 409
f 410 258 825
f 165 830 15
f 831 830 165
f 412 411 128
f 164 55 167
f 342 541 587
f 414 300 129
f 168 507 836
f 169 168 170
f 169 507 168
f 170 837 418
f 419 170 418
f 840 184 422
f 842 840 422
f 425 134 843
f 850 134 844
f 729 303 505
f 845 304 729
f 847 846 246
f 847 426 846
f 103 848 44
f 849 848 103
f 103 201 850
f 851 201 103
f 427 851 103
f 428 427 852
f 854 856 276
f 431 855 856
f 431 216 855
f 433 733 673
f 857 172 173
f 174 30 171
f 176 904 435
f 511 249 247
f 438 676 677
f 440 863 438
f 45 864 441
f 24 593 861
f 443 867 811
f 177 447 873
f 449 448 913
f 903 458 450
f 597 280 813
f 253 280 597
f 598 875 253
f 598 876 875
f 148 876 598
f 454 882 881
f 456 883 455
f 179 49 455
f 457 884 49
f 407 887 421
f 257 180 887
f 461 259 892
f 601 259 461
f 893 520 894
f 895 520 893
f 886 902 603
f 686 604 134
f 52 185 606
f 688 898 687
f 186 52 464
f 186 465 52
f 187 900 899
f 468 905 467
f 907 468 906
f 908 468 907
f 469 910 692
f 610 911 470
f 912 911 610
f 914 913 912
f 754 914 693
f 189 913 914
f 595 913 189
f 190 472 473
f 191 477 476
f 760 479 759
f 191 479 760
f 422 628 24
f 155 493 58
f 494 493 155
f 61 500 499
f 718 500 61
f 1 60 28
f 94 60 1
f 819 502 402
f 819 503 502
f 100 501 666
f 338 510 143
f 675 510 338
f 735 144 511
f 188 65 679
f 882 684 200
f 882 883 684
f 201 518 850
f 751 202 318
f 203 202 751
f 203 691 202
f 203 520 691
f 466 521 204
f 5 319 612
f 614 369 207
f 616 211 74
f 209 531 211
f 23 143 542
f 75 143 23
f 384 543 158
f 275 543 384
f 545 544 40
f 218 217 624
f 218 345 217
f 399 546 816
f 875 76 626
f 876 76 875
f 758 755 632
f 222 755 758
f 283 630 225
f 650 285 378
f 226 776 558
f 228 87 784
f 231 90 652
f 231 568 90
f 231 569 568
f 293 91 95
f 233 574 27
f 233 39 574
f 755 234 756
f 808 578 13
f 716 235 715
f 821 238 584
f 411 829 128
f 411 165 829
f 824 164 101
f 415 587 835
f 837 102 667
f 837 417 102
f 586 243 668
f 302 303 434
f 671 245 730
f 104 44 246
f 16 106 105
f 9 854 771
f 432 588 172
f 432 216 588
f 673 733 734
f 590 589 433
f 302 434 175
f 247 249 176
f 248 436 249
f 677 107 439
f 252 866 788
f 865 866 252
f 872 219 868
f 446 219 872
f 446 108 219
f 739 872 738
f 19 253 597
f 682 255 110
f 682 48 255
f 682 455 48
f 18 46 256
f 258 257 825
f 260 182 601
f 263 606 605
f 897 606 263
f 897 464 606
f 264 265 350
f 264 687 265
f 267 463 266
f 267 113 463
f 268 53 607
f 268 901 53
f 692 115 608
f 910 115 692
f 269 610 116
f 206 528 474
f 271 615 612
f 475 615 271
f 614 208 475
f 272 210 477
f 476 74 191
f 273 619 479
f 21 621 620
f 274 214 337
f 274 117 769
f 23 832 75
f 119 54 811
f 280 626 482
f 280 875 626
f 281 483 749
f 357 224 484
f 646 484 491
f 57 699 700
f 120 699 57
f 57 361 120
f 486 225 57
f 486 283 225
f 490 286 10
f 487 286 490
f 492 121 529
f 492 288 121
f 59 123 293
f 294 654 496
f 295 654 294
f 294 655 295
f 495 657 498
f 59 657 495
f 59 293 657
f 814 580 500
f 28 660 140
f 809 97 60
f 2 127 723
f 298 662 2
f 301 664 668
f 666 129 34
f 501 301 667
f 62 672 671
f 62 506 672
f 507 16 63
f 507 169 16
f 131 9 154
f 509 588 131
f 674 306 510
f 510 858 674
f 248 511 144
f 30 132 64
f 30 308 132
f 679 445 346
f 911 912 178
f 515 312 813
f 311 312 515
f 452 312 311
f 452 19 312
f 313 680 254
f 256 683 516
f 315 600 684
f 315 261 316
f 317 136 352
f 318 689 136
f 318 690 689
f 692 906 752
f 521 270 67
f 899 270 521
f 522 68 194
f 612 3 271
f 319 4 696
f 319 69 4
f 522 194 700
f 324 702 489
f 701 702 324
f 701 706 702
f 615 71 5
f 208 71 615
f 529 121 71
f 207 195 529
f 327 708 530
f 617 326 325
f 327 137 708
f 328 785 58
f 330 388 329
f 330 711 7
f 329 335 533
f 709 335 329
f 720 237 336
f 720 140 237
f 719 723 539
f 719 718 723
f 725 241 540
f 725 727 726
f 141 728 769
f 541 142 341
f 541 342 142
f 734 35 777
f 542 673 343
f 542 306 673
f 344 592 735
f 432 171 145
f 801 444 800
f 545 594 737
f 545 738 594
f 345 739 146
f 147 741 546
f 166 744 827
f 148 748 876
f 148 200 748
f 627 351 483
f 547 352 149
f 750 150 751
f 548 864 220
f 354 754 353
f 185 549 550
f 185 465 549
f 764 630 21
f 756 803 631
f 755 756 632
f 497 355 551
f 758 757 694
f 714 33 36
f 638 762 637
f 78 762 638
f 554 152 78
f 554 360 152
f 22 363 362
f 767 192 780
f 364 555 766
f 365 767 555
f 365 665 765
f 80 639 366
f 368 769 153
f 378 430 787
f 378 770 430
f 557 771 643
f 644 774 323
f 773 774 644
f 226 508 154
f 226 732 508
f 286 372 10
f 559 778 372
f 373 272 560
f 85 707 523
f 562 784 782
f 376 785 784
f 376 155 785
f 377 156 232
f 787 156 378
f 566 383 32
f 566 157 383
f 568 157 90
f 569 158 38
f 570 480 384
f 156 787 480
f 95 788 385
f 386 788 95
f 386 252 788
f 123 91 293
f 159 789 387
f 794 791 573
f 796 791 794
f 39 801 800
f 576 802 160
f 89 435 118
f 577 803 756
f 804 621 577
f 392 393 804
f 394 1 578
f 395 805 235
f 395 806 805
f 236 806 395
f 236 808 806
f 397 810 579
f 810 400 161
f 95 385 397
f 812 813 41
f 581 515 812
f 816 162 163
f 816 815 162
f 816 741 815
f 42 279 278
f 818 817 43
f 822 821 127
f 405 824 585
f 406 41 164
f 826 825 408
f 99 258 410
f 829 664 100
f 411 831 165
f 411 827 831
f 411 166 827
f 413 412 128
f 167 412 413
f 164 167 101
f 833 192 765
f 835 834 242
f 836 342 587
f 415 414 102
f 417 168 416
f 419 418 243
f 419 838 16
f 840 424 262
f 849 850 844
f 245 426 845
f 846 245 672
f 44 244 847
f 848 244 44
f 103 850 849
f 839 421 281
f 433 673 306
f 589 173 433
f 589 857 173
f 859 308 174
f 434 24 175
f 434 422 24
f 248 249 511
f 436 17 862
f 441 440 439
f 107 864 45
f 220 864 107
f 593 220 442
f 593 221 220
f 447 177 869
f 444 871 800
f 447 446 310
f 447 108 446
f 595 450 18
f 47 148 598
f 681 879 109
f 453 880 879
f 453 47 880
f 454 881 255
f 454 883 882
f 49 884 456
f 179 455 682
f 457 179 46
f 457 49 179
f 408 887 407
f 459 894 150
f 890 460 599
f 600 747 133
f 600 890 747
f 892 891 461
f 182 895 50
f 602 182 316
f 685 896 604
f 51 896 685
f 605 185 550
f 749 519 349
f 350 519 749
f 463 898 688
f 463 897 898
f 464 897 463
f 466 465 186
f 899 267 114
f 607 187 114
f 53 187 607
f 468 624 905
f 608 908 907
f 608 909 908
f 910 346 115
f 910 679 346
f 469 609 116
f 470 188 469
f 912 610 269
f 471 189 754
f 595 189 471
f 475 271 472
f 473 524 613
f 473 472 524
f 474 20 190
f 190 475 472
f 190 614 475
f 478 272 477
f 479 191 273
f 21 620 721
f 21 721 22
f 832 23 192
f 192 23 193
f 435 623 118
f 811 54 481
f 55 280 482
f 757 758 632
f 284 697 707
f 284 491 484
f 56 635 485
f 486 57 194
f 485 635 488
f 490 489 702
f 195 649 492
f 195 285 649
f 642 285 195
f 296 289 26
f 493 652 58
f 493 494 653
f 494 122 292
f 790 123 59
f 496 654 712
f 196 294 496
f 296 294 196
f 60 660 28
f 359 197 661
f 197 820 661
f 501 664 301
f 100 664 501
f 502 726 727
f 501 667 666
f 505 303 302
f 63 305 506
f 508 131 154
f 509 131 508
f 510 675 591
f 505 302 675
f 145 64 8
f 145 30 64
f 198 513 512
f 65 310 679
f 65 873 310
f 877 878 311
f 314 313 870
f 516 681 314
f 684 133 200
f 883 456 315
f 850 686 134
f 518 686 850
f 519 31 518
f 521 67 204
f 69 319 5
f 525 698 524
f 525 700 698
f 704 703 206
f 526 704 70
f 528 322 20
f 6 322 528
f 323 322 6
f 71 523 5
f 71 84 523
f 208 529 71
f 530 531 209
f 210 72 617
f 72 328 327
f 210 328 72
f 328 210 374
f 329 388 709
f 73 329 533
f 332 711 211
f 532 335 333
f 532 533 335
f 539 336 719
f 212 336 539
f 534 620 213
f 213 28 534
f 213 1 28
f 538 537 212
f 538 539 536
f 539 538 212
f 727 725 214
f 818 402 727
f 540 117 337
f 540 141 117
f 340 75 215
f 541 341 340
f 778 734 777
f 542 343 193
f 543 344 158
f 216 736 855
f 216 432 736
f 544 444 801
f 544 737 444
f 545 737 544
f 277 146 623
f 217 146 277
f 217 345 146
f 218 740 345
f 219 546 625
f 347 546 219
f 743 744 166
f 876 746 76
f 876 748 746
f 282 750 547
f 549 353 629
f 222 355 755
f 551 355 222
f 77 758 223
f 36 552 224
f 763 363 78
f 630 764 225
f 79 366 702
f 81 367 80
f 81 153 768
f 761 368 556
f 775 557 643
f 82 772 369
f 558 773 645
f 776 773 558
f 227 732 226
f 227 371 732
f 83 375 374
f 783 375 83
f 86 85 84
f 784 562 228
f 88 156 377
f 378 156 88
f 563 89 651
f 563 786 89
f 12 563 564
f 12 565 563
f 565 380 379
f 230 32 708
f 230 566 32
f 90 567 652
f 568 569 38
f 232 480 570
f 571 159 92
f 572 571 793
f 572 512 571
f 798 512 572
f 794 573 93
f 574 795 27
f 575 795 574
f 575 390 795
f 39 575 574
f 39 800 575
f 233 391 39
f 40 391 233
f 234 577 756
f 234 804 577
f 13 392 124
f 578 392 13
f 578 393 392
f 94 808 236
f 240 41 406
f 812 240 14
f 581 812 580
f 582 163 162
f 583 125 659
f 583 398 125
f 399 816 163
f 278 399 583
f 238 43 584
f 238 402 43
f 238 403 402
f 239 662 298
f 404 585 239
f 663 405 404
f 240 405 663
f 586 826 407
f 410 409 664
f 828 100 241
f 828 829 100
f 128 828 726
f 829 828 128
f 141 300 728
f 102 414 667
f 416 415 102
f 170 417 837
f 243 418 668
f 303 422 434
f 303 842 422
f 669 842 841
f 669 423 842
f 423 844 425
f 844 423 244
f 244 849 844
f 730 845 729
f 245 845 730
f 103 44 104
f 427 103 104
f 106 428 105
f 106 429 428
f 588 431 131
f 590 171 589
f 592 437 144
f 437 592 250
f 439 438 677
f 251 132 308
f 132 442 29
f 593 442 132
f 251 861 593
f 866 443 788
f 738 871 594
f 872 871 738
f 873 447 310
f 448 177 873
f 913 595 449
f 596 55 41
f 596 280 55
f 254 877 451
f 109 877 254
f 109 878 877
f 109 452 878
f 255 453 110
f 46 683 256
f 825 257 408
f 260 461 891
f 50 462 601
f 182 50 601
f 603 602 261
f 262 604 184
f 605 111 263
f 605 112 111
f 464 52 606
f 266 463 688
f 463 113 186
f 467 904 862
f 906 468 467
f 608 907 906
f 609 469 753
f 269 116 609
f 116 610 470
f 611 903 450
f 270 903 611
f 613 698 206
f 613 524 698
f 206 703 6
f 20 614 190
f 615 5 612
f 615 475 208
f 476 325 616
f 273 73 533
f 331 73 273
f 74 273 191
f 74 331 273
f 619 618 759
f 619 759 479
f 620 534 721
f 621 213 620
f 212 537 22
f 212 22 721
f 274 337 117
f 215 75 832
f 193 779 780
f 23 542 193
f 276 622 480
f 118 623 802
f 905 217 277
f 905 624 217
f 278 625 399
f 119 279 54
f 119 625 279
f 119 219 625
f 868 219 119
f 626 743 412
f 749 483 351
f 282 627 483
f 353 221 24
f 628 353 24
f 628 629 353
f 283 631 630
f 194 283 486
f 757 283 194
f 757 631 283
f 632 631 757
f 697 633 4
f 634 633 697
f 646 357 484
f 646 37 357
f 635 636 488
f 152 636 635
f 638 637 699
f 120 638 699
f 120 362 638
f 764 361 57
f 287 766 559
f 287 364 766
f 488 80 641
f 488 556 80
f 636 556 488
f 636 761 556
f 642 770 285
f 772 643 642
f 287 286 487
f 287 372 286
f 287 559 372
f 781 646 647
f 781 647 25
f 648 11 561
f 288 228 562
f 649 377 492
f 649 88 377
f 650 88 649
f 26 651 576
f 290 12 564
f 157 12 290
f 567 230 291
f 652 291 58
f 652 567 291
f 653 231 652
f 292 231 653
f 292 653 494
f 793 92 123
f 792 793 123
f 654 389 7
f 654 27 389
f 295 27 654
f 233 27 295
f 296 655 294
f 26 655 296
f 124 804 234
f 806 124 297
f 806 13 124
f 656 717 498
f 656 807 717
f 236 807 656
f 236 396 94
f 658 236 656
f 658 396 236
f 658 579 396
f 657 658 498
f 657 579 658
f 293 579 657
f 499 14 663
f 499 812 14
f 580 499 500
f 580 812 499
f 814 96 580
f 659 125 140
f 42 278 659
f 97 42 660
f 661 584 126
f 821 584 661
f 2 822 127
f 2 662 822
f 663 404 298
f 668 409 586
f 15 410 664
f 299 726 502
f 299 128 726
f 413 128 299
f 503 413 299
f 101 413 503
f 242 665 504
f 242 833 665
f 667 129 666
f 301 837 667
f 301 668 837
f 841 303 304
f 130 669 841
f 670 423 669
f 305 246 506
f 674 433 306
f 674 590 433
f 510 591 858
f 675 302 591
f 64 250 8
f 307 250 64
f 307 676 250
f 307 677 676
f 29 677 307
f 64 29 307
f 132 29 64
f 514 309 513
f 514 678 309
f 871 678 514
f 866 678 871
f 871 868 866
f 871 872 868
f 310 445 679
f 911 178 65
f 19 597 312
f 680 109 254
f 680 681 109
f 681 680 314
f 683 682 110
f 516 110 681
f 683 110 516
f 259 888 517
f 600 133 684
f 316 600 315
f 316 260 600
f 261 315 456
f 31 686 518
f 31 685 686
f 111 685 31
f 149 687 264
f 688 687 149
f 266 688 136
f 689 267 266
f 690 114 689
f 607 114 690
f 202 690 318
f 607 202 691
f 607 690 202
f 691 268 607
f 692 608 906
f 204 354 549
f 693 269 609
f 354 471 754
f 67 471 354
f 67 611 471
f 695 223 694
f 4 223 695
f 696 612 319
f 696 3 612
f 4 695 696
f 697 4 69
f 526 151 321
f 70 637 526
f 637 70 320
f 320 206 698
f 699 320 698
f 79 702 706
f 704 701 703
f 705 701 704
f 705 706 701
f 321 705 526
f 706 705 321
f 485 640 706
f 527 614 20
f 322 527 20
f 205 645 644
f 324 645 205
f 324 489 645
f 523 707 69
f 523 84 85
f 195 492 529
f 708 381 531
f 708 32 381
f 326 209 325
f 326 530 209
f 72 530 326
f 72 327 530
f 72 326 617
f 708 291 230
f 137 291 708
f 137 58 291
f 328 137 327
f 155 58 785
f 330 93 388
f 7 93 330
f 331 329 73
f 710 329 331
f 710 330 329
f 710 331 74
f 711 330 710
f 711 654 7
f 711 712 654
f 713 332 531
f 713 712 332
f 713 496 712
f 196 496 713
f 138 235 497
f 714 138 33
f 139 715 138
f 139 618 619
f 139 714 618
f 333 619 532
f 334 717 716
f 335 717 334
f 709 498 335
f 709 495 498
f 719 582 718
f 237 582 719
f 720 212 721
f 534 28 140
f 537 536 535
f 536 537 538
f 539 722 536
f 723 718 2
f 724 100 666
f 724 241 100
f 241 724 540
f 725 540 337
f 725 337 214
f 241 725 726
f 402 502 727
f 141 769 117
f 724 34 540
f 338 505 675
f 338 729 505
f 339 338 143
f 339 729 338
f 341 671 730
f 340 339 75
f 340 730 339
f 341 730 340
f 142 671 341
f 142 62 671
f 731 142 342
f 731 62 142
f 731 63 62
f 779 673 734
f 734 778 779
f 306 542 143
f 143 510 306
f 735 592 144
f 344 735 158
f 592 8 250
f 855 543 275
f 855 344 543
f 8 344 736
f 8 592 344
f 145 8 736
f 802 545 40
f 623 545 802
f 738 623 146
f 738 545 623
f 739 738 146
f 345 445 739
f 345 346 445
f 740 346 345
f 741 451 199
f 625 546 399
f 742 313 254
f 347 742 147
f 348 742 347
f 348 313 742
f 870 313 348
f 744 889 827
f 745 743 626
f 76 745 626
f 746 744 745
f 746 599 744
f 200 133 748
f 349 518 201
f 149 351 627
f 264 351 149
f 352 688 149
f 750 317 352
f 750 352 547
f 751 318 317
f 150 203 751
f 441 752 440
f 441 753 752
f 753 441 864
f 548 609 753
f 754 548 221
f 754 693 548
f 465 204 549
f 355 234 755
f 355 124 234
f 355 297 124
f 497 297 355
f 223 758 694
f 77 222 758
f 633 223 4
f 633 77 223
f 224 633 634
f 224 77 633
f 77 551 222
f 552 551 224
f 552 497 551
f 552 33 497
f 36 33 552
f 356 618 714
f 759 618 356
f 37 356 357
f 358 356 37
f 760 759 358
f 401 274 368
f 126 401 761
f 661 126 359
f 762 151 526
f 762 56 151
f 152 56 762
f 152 635 56
f 360 359 553
f 363 535 360
f 363 537 535
f 763 78 638
f 363 22 537
f 22 361 764
f 764 21 22
f 767 765 192
f 555 767 766
f 365 765 767
f 366 487 702
f 366 639 487
f 80 364 639
f 641 366 79
f 80 366 641
f 367 364 80
f 81 365 367
f 665 365 81
f 768 504 665
f 153 728 504
f 81 80 556
f 368 81 556
f 368 274 769
f 770 854 430
f 771 854 770
f 771 770 643
f 154 9 557
f 154 557 370
f 508 732 509
f 772 642 369
f 774 82 323
f 773 370 775
f 776 370 773
f 154 776 226
f 154 370 776
f 371 35 732
f 777 10 372
f 777 227 10
f 778 777 372
f 779 778 559
f 767 780 766
f 780 192 193
f 760 477 191
f 760 478 477
f 478 760 37
f 560 272 478
f 781 560 646
f 648 781 25
f 561 781 648
f 373 781 561
f 374 272 373
f 375 785 374
f 85 491 284
f 85 647 491
f 85 25 647
f 11 85 86
f 11 25 85
f 11 648 25
f 288 84 121
f 288 86 84
f 562 86 288
f 782 11 562
f 782 83 11
f 783 83 782
f 785 375 783
f 87 376 784
f 376 122 155
f 232 122 87
f 232 87 377
f 156 480 232
f 430 276 787
f 786 176 435
f 786 247 176
f 379 563 565
f 379 247 786
f 379 511 247
f 380 511 379
f 735 511 380
f 382 196 381
f 382 289 196
f 383 382 32
f 383 289 382
f 383 290 289
f 383 157 290
f 90 230 567
f 566 230 90
f 229 12 157
f 38 380 229
f 158 735 380
f 570 231 292
f 570 384 569
f 480 275 384
f 92 91 123
f 387 91 92
f 387 386 91
f 789 386 387
f 789 252 386
f 789 865 252
f 789 309 865
f 159 309 789
f 159 513 309
f 513 159 571
f 512 513 571
f 790 495 709
f 388 790 709
f 791 388 573
f 791 790 388
f 792 790 791
f 792 123 790
f 389 93 7
f 794 93 389
f 795 796 794
f 797 796 390
f 798 572 797
f 800 799 575
f 799 798 575
f 800 198 799
f 801 39 391
f 391 544 801
f 40 544 391
f 160 233 655
f 160 40 233
f 160 655 26
f 802 40 160
f 118 802 576
f 89 576 651
f 89 118 576
f 630 803 21
f 803 621 21
f 393 621 804
f 393 213 621
f 393 1 213
f 1 393 578
f 805 297 235
f 805 806 297
f 395 716 807
f 806 808 13
f 94 394 808
f 1 394 94
f 809 60 94
f 810 809 396
f 810 396 579
f 161 809 810
f 161 97 809
f 400 97 161
f 385 400 397
f 443 400 385
f 443 811 400
f 199 581 96
f 311 581 199
f 311 515 581
f 741 199 96
f 814 500 718
f 162 718 582
f 815 814 162
f 815 96 814
f 125 237 140
f 398 582 237
f 398 163 582
f 741 96 815
f 54 279 42
f 817 274 401
f 817 214 274
f 401 126 584
f 584 817 401
f 818 214 817
f 818 43 402
f 722 197 359
f 821 820 127
f 823 822 662
f 823 821 822
f 239 403 662
f 819 403 239
f 819 402 403
f 824 819 585
f 824 503 819
f 585 404 405
f 406 824 405
f 164 824 406
f 408 407 826
f 826 586 409
f 825 826 410
f 99 888 258
f 66 888 99
f 831 66 99
f 827 66 831
f 829 15 664
f 726 828 241
f 15 829 165
f 830 410 15
f 830 99 410
f 831 99 830
f 412 743 166
f 167 482 412
f 833 832 192
f 833 765 665
f 833 242 834
f 834 832 833
f 834 215 832
f 834 541 215
f 587 834 835
f 587 541 834
f 300 504 728
f 300 141 129
f 415 300 414
f 415 835 300
f 416 587 415
f 416 836 587
f 168 836 416
f 836 731 342
f 836 63 731
f 836 507 63
f 170 168 417
f 419 169 170
f 16 169 419
f 838 106 16
f 838 839 106
f 420 838 243
f 839 838 420
f 420 421 839
f 184 628 422
f 840 262 184
f 841 842 303
f 424 842 423
f 424 840 842
f 843 262 424
f 843 134 262
f 844 134 425
f 304 303 729
f 670 845 426
f 670 130 845
f 672 245 671
f 426 245 846
f 847 670 426
f 244 670 847
f 244 423 670
f 848 849 244
f 851 349 201
f 851 749 349
f 853 851 427
f 853 749 851
f 428 852 105
f 429 427 428
f 853 427 429
f 429 749 853
f 429 281 749
f 281 106 839
f 281 429 106
f 421 483 281
f 854 276 430
f 131 856 9
f 431 856 131
f 171 432 857
f 733 509 732
f 172 509 733
f 172 588 509
f 433 173 733
f 857 432 172
f 857 589 171
f 30 145 171
f 590 174 171
f 308 30 174
f 859 674 858
f 859 590 674
f 860 858 591
f 859 858 860
f 860 251 859
f 861 251 860
f 175 860 591
f 861 860 175
f 24 861 175
f 862 904 176
f 862 249 436
f 863 906 17
f 863 17 436
f 863 752 906
f 437 248 144
f 437 250 676
f 438 437 676
f 248 437 438
f 863 248 438
f 863 436 248
f 440 438 439
f 440 752 863
f 107 677 29
f 442 107 29
f 220 107 442
f 593 24 221
f 867 119 811
f 866 865 678
f 866 867 443
f 867 866 868
f 868 119 867
f 869 219 108
f 177 348 869
f 870 348 177
f 871 198 800
f 871 514 198
f 737 871 444
f 871 737 594
f 445 872 739
f 446 445 310
f 872 445 446
f 447 869 108
f 874 870 177
f 874 516 870
f 448 874 177
f 874 256 516
f 874 18 256
f 448 178 913
f 449 874 448
f 18 874 449
f 595 18 449
f 458 46 18
f 450 458 18
f 903 886 458
f 253 875 280
f 881 882 148
f 877 199 451
f 879 19 452
f 879 452 109
f 453 879 681
f 19 879 880
f 880 598 19
f 47 598 880
f 255 47 453
f 881 47 255
f 881 148 47
f 883 454 48
f 455 883 48
f 456 884 261
f 46 179 683
f 885 603 457
f 885 457 46
f 458 885 46
f 885 886 603
f 458 886 885
f 887 483 421
f 887 282 483
f 257 887 408
f 180 282 887
f 888 257 258
f 180 257 888
f 181 282 180
f 181 750 282
f 459 181 888
f 150 181 459
f 150 750 181
f 894 203 150
f 889 66 827
f 889 517 66
f 460 889 599
f 892 517 460
f 892 259 517
f 891 890 600
f 891 460 890
f 892 460 891
f 462 259 601
f 893 459 462
f 893 894 459
f 520 203 894
f 895 691 520
f 50 895 893
f 316 182 260
f 183 182 602
f 183 895 182
f 183 268 895
f 183 901 268
f 603 183 602
f 902 183 603
f 902 901 183
f 886 903 902
f 896 184 604
f 896 628 184
f 896 629 628
f 51 629 896
f 51 550 629
f 604 262 134
f 685 604 686
f 112 685 111
f 51 685 112
f 550 51 112
f 185 605 606
f 52 465 185
f 519 518 349
f 135 350 265
f 135 519 350
f 135 31 519
f 897 135 265
f 897 263 135
f 898 265 687
f 898 897 265
f 466 899 521
f 899 466 267
f 114 267 689
f 900 270 899
f 902 270 900
f 902 903 270
f 53 900 187
f 901 900 53
f 901 902 900
f 904 623 435
f 904 277 623
f 467 277 904
f 905 277 467
f 906 467 17
f 908 624 468
f 740 624 908
f 909 740 908
f 115 909 608
f 115 740 909
f 115 346 740
f 692 752 753
f 692 753 469
f 188 910 469
f 188 679 910
f 470 65 188
f 911 65 470
f 914 269 693
f 189 914 754
f 1417 1177 1111
f 1236 928 1115
f 1680 1728 1266
f 916 1590 1655
f 1769 935 1216
f 1763 967 936
f 1056 1129 1446
f 1289 1695 1552
f 1130 1452 975
f 1027 1557 1685
f 1246 976 1556
f 1246 974 976
f 1333 1249 1182
f 1028 1455 1688
f 1131 927 1256
f 1815 945 1470
f 1791 1186 1132
f 1072 1073 929
f 1578 1708 991
f 1068 1316 1676
f 1585 1730 1647
f 1588 932 1653
f 1323 1001 1501
f 1747 1746 1502
f 920 1505 1002
f 1606 1511 1008
f 922 1161 1160
f 1219 1162 1702
f 1166 1165 1782
f 1612 1168 1388
f 1226 1524 1012
f 1384 1170 1169
f 1668 1172 1665
f 1829 1175 1052
f 1549 1179 1417
f 1802 1032 1348
f 1191 1190 1569
f 928 1187 1191
f 1635 1193 1192
f 1202 1205 1203
f 1733 1208 1207
f 1755 1595 1211
f 1755 1756 1595
f 1750 1156 964
f 1659 1215 1214
f 935 1008 1216
f 935 1606 1008
f 1256 1218 1255
f 936 1227 1171
f 1841 1230 1439
f 1440 1232 969
f 1638 989 1637
f 1633 1237 971
f 1290 1058 1057
f 941 1448 1680
f 1555 1648 1554
f 1450 1245 1647
f 1242 1060 1650
f 1658 1062 1454
f 1250 1251 1765
f 1257 1515 1064
f 918 1666 1564
f 1471 1671 1470
f 1268 1267 984
f 1071 1270 929
f 1684 1073 1137
f 1265 1314 1112
f 1277 1276 919
f 1571 1280 1117
f 1573 1479 1571
f 1281 1280 1479
f 1141 1077 1692
f 1482 1290 1289
f 1293 1698 1484
f 1485 1701 1700
f 1690 1689 946
f 1144 1703 995
f 1576 1707 991
f 1488 1711 1303
f 946 1711 1488
f 1310 1722 1308
f 1445 1490 1242
f 1729 1320 1319
f 1495 1322 1321
f 1736 1085 1498
f 1090 1089 1499
f 1501 1740 1332
f 1502 1333 1182
f 950 1747 1745
f 1335 1504 1093
f 1003 1752 1339
f 942 1342 1122
f 1344 1756 1506
f 1345 1095 1094
f 1345 1096 1095
f 1346 1096 1345
f 934 1507 1599
f 1509 1098 1768
f 1772 1771 1770
f 1512 1353 1773
f 1100 1124 1006
f 953 1124 1100
f 953 1263 1124
f 954 1774 953
f 1166 1374 1165
f 1221 1104 1166
f 955 1794 1376
f 955 1795 1794
f 1011 1391 1390
f 1011 1012 1391
f 1524 1806 1804
f 1616 1400 1049
f 1016 1410 1835
f 1020 1540 1414
f 1020 1843 1540
f 1545 1847 1846
f 959 1416 1544
f 1022 1839 1021
f 1111 1177 1547
f 1111 1178 1417
f 1689 1030 1711
f 1793 1794 1742
f 1348 1032 1565
f 1354 1472 1783
f 1114 1419 1628
f 928 1191 1115
f 1632 1423 1237
f 1632 1424 1423
f 1117 1481 1424
f 1640 1425 1114
f 1119 1202 1651
f 1755 1211 963
f 1121 1750 964
f 1349 1043 1212
f 1122 963 1213
f 978 1778 1123
f 1225 1437 1224
f 1397 1228 967
f 1807 1229 968
f 1374 1439 1373
f 1835 1053 1231
f 970 1440 1551
f 1634 1238 1443
f 1059 1445 1449
f 1446 1646 1243
f 1681 1448 1447
f 1025 1449 1555
f 1556 1154 1557
f 1559 1250 1181
f 1456 1250 1559
f 977 1453 1456
f 1457 1660 1561
f 1029 978 1459
f 927 943 1256
f 1257 1064 1460
f 1563 1462 1562
f 1109 1462 1563
f 1109 1463 1462
f 1134 1474 1473
f 1137 1273 1478
f 1265 1112 986
f 1139 1479 1573
f 988 1076 1284
f 1141 1288 931
f 1141 1076 1288
f 1696 1482 1425
f 1292 1291 917
f 1036 1701 1485
f 1300 1297 990
f 1082 1714 1145
f 1082 1308 1714
f 1146 1490 1445
f 1147 1310 1721
f 995 1491 1311
f 1316 1315 1676
f 1730 1322 1494
f 1150 1734 1323
f 1304 1497 1151
f 1091 1090 1500
f 1208 1501 1331
f 1001 1740 1501
f 1154 1745 1061
f 1503 951 1334
f 948 1337 1594
f 1097 1004 1506
f 1097 1345 1004
f 1509 1352 1601
f 920 1773 1353
f 1007 1357 1006
f 1771 1159 1607
f 1513 1779 1362
f 922 1514 1161
f 1219 1785 1162
f 1010 1384 1520
f 1416 1385 1010
f 1465 1393 1392
f 1613 1393 1261
f 1524 1804 1012
f 1800 1106 1169
f 1619 1530 1827
f 1105 1531 1530
f 1838 1410 1016
f 1829 1830 1175
f 1230 1539 1538
f 1018 1842 1541
f 1019 1542 1627
f 1019 1020 1542
f 1127 1546 1023
f 960 1546 1177
f 1024 1551 1440
f 1177 1630 1547
f 1417 1179 960
f 1553 1056 1446
f 961 1555 1554
f 1726 1130 975
f 1454 1559 1181
f 1560 1455 1183
f 1560 1250 1455
f 1779 1461 1777
f 1031 1562 1258
f 1794 1184 1742
f 1796 1184 1795
f 1796 1090 1184
f 1347 918 1564
f 1566 1185 1469
f 1783 1673 1186
f 1419 985 1476
f 1191 1275 1190
f 1187 1138 1191
f 1193 1570 1192
f 1193 1571 1570
f 1573 1683 1075
f 1568 1572 1194
f 1039 1642 1038
f 1427 1706 995
f 1198 1299 1118
f 1294 1580 1579
f 1200 1146 1243
f 1582 1720 1200
f 995 1148 1427
f 1202 1586 1649
f 1203 997 1204
f 1207 1208 1331
f 1041 1593 1656
f 1595 1339 1211
f 1756 1155 1595
f 1598 1657 933
f 965 1766 1251
f 1044 1603 1602
f 1044 1510 1603
f 1605 1511 1604
f 1008 1511 1605
f 1098 1607 935
f 1778 1217 1362
f 1432 1367 1366
f 1370 1047 1219
f 1608 1788 1220
f 1222 1611 923
f 1847 1611 1845
f 1847 1521 1611
f 1735 1612 1085
f 1437 1394 1614
f 967 1615 1227
f 1050 1617 1229
f 1050 1618 1617
f 938 1620 1355
f 1438 1407 1621
f 1017 1407 1125
f 1787 1624 1623
f 1841 1539 1230
f 969 1232 1236
f 1054 1232 1440
f 1234 1136 1629
f 1630 1233 1547
f 1636 1238 1634
f 1442 1055 1636
f 1550 1638 1128
f 1239 1638 1639
f 1024 1642 1551
f 1241 1426 1197
f 1116 1575 1241
f 1319 1680 1448
f 1729 1319 1244
f 1245 1651 1649
f 1060 1651 1650
f 1242 1651 1060
f 1653 1652 1451
f 1248 1653 1247
f 1209 1154 976
f 1656 974 1451
f 1652 1587 1656
f 1688 1349 1687
f 1453 965 1456
f 942 965 1453
f 942 1122 965
f 943 1659 1432
f 1458 1253 1252
f 1255 1218 1661
f 1030 1257 1460
f 1363 1608 1220
f 1083 1516 1797
f 1462 1517 1562
f 1463 1518 1462
f 1392 1663 1464
f 979 1465 1089
f 1468 1262 1666
f 1468 1667 1262
f 1468 1668 1667
f 981 1670 1669
f 1671 1670 981
f 1067 1066 1132
f 1674 1018 1673
f 1833 1625 1831
f 1677 1676 1265
f 1677 1068 1676
f 983 1266 1474
f 1268 1680 1266
f 1679 1133 1678
f 1268 941 1680
f 984 941 1268
f 1447 1476 1269
f 987 1744 1183
f 1071 1591 1270
f 1071 1431 1591
f 1271 1421 1477
f 1272 1274 1136
f 1137 1073 1274
f 1685 1684 1137
f 1190 1074 1478
f 986 1112 1027
f 1278 1686 1277
f 1280 930 1117
f 987 1028 1282
f 987 1183 1028
f 1283 1360 1690
f 988 1360 1283
f 989 1422 1285
f 1286 1691 1283
f 931 1691 1287
f 1077 1459 1692
f 1078 1180 1694
f 1078 1552 1180
f 1697 1058 1290
f 1483 1696 1640
f 1696 1483 1291
f 1291 1079 1696
f 1642 1292 917
f 1699 1580 1294
f 1080 1699 1295
f 1485 1080 1575
f 1296 1486 1703
f 1296 1433 1486
f 1297 1706 1705
f 1299 1297 1300
f 1303 1030 1710
f 1489 1712 1304
f 1489 1305 1712
f 1719 1718 1717
f 993 1719 1490
f 1082 1145 1081
f 1310 1308 1721
f 994 915 1147
f 1312 1723 1311
f 947 1724 1312
f 1313 1724 947
f 1084 1130 1318
f 1494 1584 1320
f 1494 1149 1584
f 998 1322 1495
f 1323 1208 1496
f 1152 1001 1325
f 1000 1741 1152
f 1085 1388 1328
f 1085 1328 1498
f 1735 1736 1329
f 1086 1330 1500
f 1088 1065 949
f 1089 1088 1499
f 1740 1184 1332
f 1741 1742 1184
f 1092 1249 1333
f 1745 1431 1120
f 1093 1092 1748
f 1337 1336 1504
f 948 1327 1337
f 1338 1751 1099
f 1753 1171 1526
f 1339 1505 920
f 1752 1753 1338
f 1754 1171 1753
f 1343 1755 952
f 1597 1757 1596
f 1756 1343 1760
f 1094 1762 1004
f 1096 1763 1095
f 1096 980 1763
f 1565 1097 1507
f 1565 1346 1097
f 1767 1350 1766
f 1771 1098 1770
f 1772 1603 1510
f 1099 1358 1773
f 1099 1359 1358
f 1214 1368 1367
f 1006 938 1355
f 1356 1215 1659
f 1669 953 1774
f 1101 954 1159
f 1101 1775 954
f 1101 1776 1775
f 1360 1777 1689
f 1779 1778 1362
f 1781 1217 1780
f 1781 1513 1217
f 1363 1513 1781
f 1623 1786 1103
f 1460 1370 1662
f 1371 1790 1047
f 1372 1789 1782
f 1375 1066 1374
f 1375 1132 1066
f 1102 1783 1792
f 1376 1794 1712
f 1795 955 1434
f 1609 1796 1795
f 1379 1225 1224
f 1516 1434 1797
f 1380 1516 1517
f 1381 1167 1380
f 1799 1381 1798
f 1383 1381 1799
f 1379 1381 1383
f 1386 1801 1800
f 1387 1801 1386
f 1390 1391 1802
f 1390 1803 1389
f 1804 1806 968
f 1393 1223 1392
f 1393 1168 1223
f 1012 1011 1805
f 1811 937 1807
f 1801 1108 1106
f 1395 1812 1113
f 1816 1815 957
f 1396 1816 957
f 1398 1399 1819
f 1107 924 1399
f 1049 1172 1668
f 1401 1107 1820
f 1015 1817 1396
f 1828 1052 1529
f 1051 1825 1618
f 1108 1830 1531
f 1404 1831 1354
f 1404 1832 1831
f 1832 1403 1620
f 1533 1833 1832
f 958 938 1406
f 1409 1173 1532
f 1409 1535 1408
f 1408 1173 1409
f 1408 1834 1173
f 1835 1834 1016
f 1840 1537 1623
f 1539 1260 1538
f 1067 1841 1066
f 1843 1413 1540
f 1415 1843 1020
f 1415 1413 1843
f 1846 1845 1844
f 1110 1545 1544
f 1110 1847 1545
f 1110 1521 1847
f 1110 1416 1521
f 1387 1522 1021
f 1177 1417 960
f 1793 1742 1743
f 1640 1114 1628
f 1055 1421 1420
f 1055 1568 1194
f 1055 1420 1568
f 1704 962 1427
f 1698 1118 1058
f 1698 1198 1118
f 1698 1579 1198
f 1119 1429 1428
f 1590 1430 1655
f 916 1207 1590
f 1349 1212 1687
f 1415 1222 966
f 1415 1844 1222
f 1663 1735 1087
f 1126 1835 1231
f 1441 970 1551
f 1547 1233 1442
f 1023 969 1127
f 1551 972 1441
f 1025 1059 1449
f 1452 926 975
f 1130 1727 1452
f 1249 1454 1182
f 977 1456 1559
f 1131 1256 1255
f 1312 1724 1083
f 940 1463 1109
f 940 1411 1463
f 1796 1466 979
f 1796 1377 1466
f 1564 1467 980
f 1564 1666 1467
f 1033 1265 1187
f 1134 1473 1133
f 1478 1074 1137
f 1187 986 1138
f 1187 1265 986
f 1075 1282 1139
f 1491 1703 947
f 1708 1301 991
f 1146 993 1490
f 1148 994 1147
f 1148 1723 994
f 1647 1730 1729
f 1495 999 998
f 1150 999 1495
f 1086 1738 1498
f 1091 1500 1737
f 1592 1153 1591
f 1747 1502 1592
f 1749 1504 1503
f 1594 1328 948
f 1155 1003 1595
f 1155 1340 1003
f 1155 1761 1340
f 1596 1758 942
f 921 1097 1506
f 1750 1348 1156
f 1157 1509 1601
f 1603 1770 1157
f 1356 1007 1215
f 1606 954 953
f 1513 1362 1217
f 1805 1390 1389
f 1805 1011 1390
f 1012 1523 1226
f 1170 1800 1169
f 1171 1013 1526
f 1172 1528 1665
f 1617 1400 1616
f 1618 1400 1617
f 1618 1015 1400
f 1174 1536 1622
f 1174 1838 1016
f 1052 1175 1017
f 1543 1019 1627
f 1837 1176 1544
f 1177 1546 1127
f 1024 1546 960
f 1639 925 1443
f 960 1179 1024
f 1549 1643 1179
f 1180 1552 1444
f 1025 1555 961
f 1182 1454 1560
f 1777 1461 1030
f 1313 1258 1724
f 1185 1566 1812
f 1783 1186 1792
f 1419 1567 1628
f 1189 985 1419
f 1072 1420 1421
f 1235 1569 1136
f 1191 1569 1115
f 1190 1478 1569
f 1572 1195 1573
f 1116 1422 1036
f 1197 1295 1039
f 1426 1295 1197
f 1581 1713 1428
f 1718 1306 1199
f 1582 1200 1644
f 1148 1583 1582
f 1649 1586 1585
f 1205 1324 1203
f 1428 1205 1119
f 1428 1713 1205
f 1330 1086 1587
f 1430 1206 1589
f 1206 1331 1091
f 934 1599 1598
f 1602 1601 1213
f 1213 1044 1602
f 1432 1214 1367
f 1216 1605 1045
f 1008 1605 1216
f 935 1607 1606
f 1380 1609 1434
f 1223 1168 1612
f 1224 1437 1614
f 1225 1226 1437
f 1228 1615 967
f 1228 1399 1615
f 1050 1051 1618
f 937 1619 1051
f 937 1105 1619
f 1017 1622 1407
f 1231 1626 1675
f 1231 1627 1626
f 1543 1627 1231
f 1546 1440 1023
f 970 1054 1440
f 1234 1629 1233
f 1633 1632 1237
f 1238 1192 1633
f 1443 971 1239
f 1441 1641 1640
f 1240 1038 1024
f 1645 990 1129
f 1243 1059 973
f 1644 1646 1129
f 1647 1244 1450
f 1245 1585 1647
f 1727 1655 1452
f 1451 1652 1656
f 1251 1250 1456
f 943 1158 1659
f 1254 1253 1458
f 1459 978 1123
f 1131 1255 1029
f 1710 1460 1662
f 1220 1164 1461
f 1562 1259 1258
f 1464 1663 1065
f 1465 1392 1464
f 1090 979 1089
f 1378 1614 1466
f 1378 1224 1614
f 968 1616 944
f 981 1669 1469
f 1671 981 1470
f 1471 1264 1671
f 1396 1672 945
f 1396 1817 1672
f 1675 1625 1833
f 1677 1033 1473
f 1474 1068 1677
f 1268 1266 983
f 1475 1069 1232
f 1678 1069 1475
f 1267 1070 1679
f 1447 941 984
f 1681 1447 1269
f 1078 1694 1269
f 1682 1744 987
f 1682 1153 1744
f 1480 1591 1682
f 929 1270 1195
f 1684 1071 1073
f 1274 1073 1072
f 1685 1137 1074
f 1275 1074 1190
f 986 1074 1275
f 919 1276 1005
f 1686 1276 1277
f 1282 1281 1139
f 1282 1279 1281
f 1284 1360 988
f 1076 1692 1284
f 1637 1285 1116
f 1286 1574 989
f 1288 1691 931
f 1288 988 1691
f 1141 1692 1076
f 1693 1077 1481
f 1289 1037 1482
f 1483 1640 1641
f 1698 1697 1484
f 1294 1293 1699
f 1700 1080 1485
f 1313 1702 1725
f 1487 1302 1433
f 1707 1576 1298
f 1302 1303 1710
f 946 1689 1711
f 992 1305 1489
f 1714 955 1307
f 1722 1715 1308
f 1242 1717 1119
f 1490 1717 1242
f 1490 1719 1717
f 1309 1082 1081
f 994 1723 915
f 1312 1083 1723
f 1317 1318 1315
f 1317 1084 1318
f 1319 1320 1728
f 1322 1493 1731
f 1733 1732 1496
f 1324 1325 1734
f 1000 1152 1325
f 1326 1743 1497
f 1736 1735 1085
f 1329 1087 1735
f 1500 1738 1086
f 949 1739 1738
f 949 1087 1739
f 1741 1743 1742
f 1182 1744 1153
f 1092 1333 1746
f 1745 1120 1061
f 951 1746 950
f 951 1748 1746
f 1093 1748 1335
f 1041 1337 1749
f 1337 1327 1336
f 1338 1099 1002
f 1338 1526 1751
f 1753 1526 1338
f 1340 1752 1003
f 1340 1753 1752
f 1342 1755 1122
f 1599 1757 1597
f 1506 1760 1759
f 1756 1760 1506
f 1344 1155 1756
f 1344 1761 1155
f 1344 1762 1761
f 1094 1004 1345
f 1507 1097 1599
f 1600 1764 1005
f 1351 1254 1457
f 1768 1254 1351
f 1350 1508 1600
f 1352 1767 1766
f 1352 1351 1767
f 1509 1768 1352
f 1098 1769 1768
f 1512 1772 1353
f 1006 1355 1215
f 1659 1214 1432
f 1511 1357 1604
f 1511 1100 1357
f 1361 1777 1360
f 1778 1777 1361
f 1363 1220 1513
f 1780 1217 1364
f 1365 1363 1781
f 1782 1365 1161
f 1366 922 1046
f 1366 1102 1221
f 1368 1102 1367
f 1368 1783 1102
f 1354 1783 1368
f 1103 1786 1009
f 1371 1370 1460
f 1790 1371 1788
f 1166 1375 1374
f 1609 1377 1796
f 1167 1377 1609
f 1379 1224 1378
f 1382 1383 923
f 1382 1379 1383
f 1384 1048 1520
f 1385 1384 1010
f 1386 1170 1385
f 1386 1800 1170
f 1803 1802 1388
f 1390 1802 1803
f 1389 1803 1168
f 1523 1012 1805
f 1169 1811 1810
f 1105 1811 1169
f 1751 1395 1113
f 957 1814 1527
f 1014 1818 1397
f 1107 1399 1398
f 1400 1820 1049
f 1402 1401 1400
f 1402 1821 1401
f 1822 1821 1402
f 1618 1823 1015
f 1824 1823 1618
f 1827 1825 1051
f 1829 1828 1826
f 1106 1108 1531
f 1532 1832 1620
f 1533 1532 1173
f 1533 1832 1532
f 1405 1126 1533
f 1835 1126 1405
f 1670 1124 1263
f 1409 1532 958
f 1407 1535 1621
f 1410 1836 1835
f 1838 1839 1022
f 1830 1839 1838
f 1830 1108 1839
f 1538 1411 940
f 1538 1260 1411
f 1020 1414 1542
f 1414 1540 1842
f 1019 1844 1415
f 1846 1844 1019
f 1416 1110 1544
f 959 1522 1416
f 1839 1387 1021
f 1111 1547 1178
f 1417 1178 1549
f 1180 1553 1026
f 1026 961 1180
f 961 1554 1694
f 1418 975 1558
f 1726 975 1418
f 1112 1558 1027
f 1418 1558 1112
f 1560 1454 1181
f 1182 1560 1183
f 1764 1561 1131
f 1005 1764 1131
f 1005 1131 1693
f 1777 1030 1689
f 1725 1258 1313
f 1031 1258 1725
f 1812 1776 1113
f 1812 1566 1776
f 1069 1188 928
f 1114 1189 1419
f 1117 930 1481
f 1237 1423 1196
f 1117 1424 1632
f 1425 1189 1114
f 1118 1577 1058
f 1429 1581 1428
f 1429 1718 1199
f 1427 1148 1582
f 1728 1201 1266
f 1651 1202 1649
f 1430 1590 1206
f 1587 1594 1656
f 1211 1210 963
f 964 933 1121
f 964 1598 933
f 1601 1766 965
f 1122 1601 965
f 1213 1601 1122
f 963 1044 1213
f 963 1210 1044
f 1063 1432 1046
f 978 1217 1778
f 1046 1432 1366
f 1433 1370 1219
f 1370 1433 1662
f 1434 1716 915
f 966 1222 1435
f 1436 1223 1735
f 1525 1226 1225
f 1525 1808 1226
f 967 1227 936
f 1229 1616 968
f 1807 1050 1229
f 1807 937 1050
f 1125 1438 1823
f 1125 1052 1017
f 1231 1675 1126
f 1440 969 1023
f 1127 1630 1177
f 1127 1234 1630
f 1235 1234 1127
f 1127 1631 1235
f 969 1631 1127
f 969 1236 1631
f 1238 971 1443
f 1238 1633 971
f 1548 1636 1634
f 1442 1636 1548
f 1128 1637 1241
f 1128 1638 1637
f 1239 1639 1443
f 972 1641 1441
f 1643 1240 1179
f 1128 1241 1643
f 1056 1645 1129
f 1695 1290 1057
f 1449 1445 1650
f 1446 973 1553
f 1446 1243 973
f 1129 1646 1446
f 1447 1448 941
f 1648 1244 1448
f 1449 1450 1555
f 1449 1650 1450
f 1445 1242 1650
f 1452 1247 926
f 1452 1248 1247
f 1452 1654 1248
f 1556 976 1154
f 1249 1658 1454
f 1455 1765 1688
f 1250 1765 1455
f 1457 1252 1660
f 1457 1458 1252
f 1254 1458 1457
f 1029 1661 978
f 943 1063 1256
f 1779 1220 1461
f 1724 1259 1083
f 1088 1465 1464
f 1465 1088 1089
f 1466 1261 979
f 1467 1664 1763
f 1467 1666 1664
f 1470 981 1469
f 945 1471 1470
f 1186 982 1132
f 1831 1674 1472
f 1473 1474 1677
f 1134 983 1474
f 1135 1679 1567
f 1267 1679 1135
f 984 1267 1135
f 1476 1447 984
f 1078 1269 985
f 1073 1071 929
f 1629 1271 1477
f 1273 1137 1274
f 986 1275 1138
f 1281 1278 1035
f 1281 1279 1278
f 1570 1117 1632
f 1571 1117 1570
f 1139 1281 1479
f 1480 1682 987
f 1140 1286 989
f 1140 1691 1286
f 919 1693 1481
f 1142 1078 985
f 1425 1482 1037
f 1697 1290 1482
f 917 1291 1483
f 1484 1079 1039
f 1143 1293 1484
f 1699 1293 1143
f 1690 1701 1036
f 1690 946 1701
f 1486 947 1703
f 1487 1703 1144
f 1487 1296 1703
f 990 1705 1704
f 991 1301 1576
f 1700 1578 1580
f 1700 1709 1578
f 1701 1709 1700
f 1701 1488 1709
f 1701 946 1488
f 1304 1712 1326
f 1145 992 1306
f 1145 1307 992
f 1714 1307 1145
f 1491 1312 1311
f 947 1312 1491
f 1492 1584 1149
f 1492 1317 1584
f 1492 996 1317
f 1493 996 1492
f 1493 1732 996
f 1494 1729 1730
f 998 1493 1322
f 998 1496 1493
f 1496 998 999
f 1323 999 1150
f 1151 1000 1324
f 1497 1000 1151
f 1304 1326 1497
f 1738 1736 1498
f 932 1737 1652
f 1091 1737 932
f 1500 949 1738
f 1500 1499 949
f 1090 1499 1500
f 1501 1332 1331
f 1152 1740 1001
f 1152 1741 1740
f 950 1745 1154
f 1334 1593 1503
f 1503 1335 951
f 1504 1335 1503
f 1594 1337 1041
f 1505 1338 1002
f 1758 1342 942
f 1758 952 1342
f 1506 1759 921
f 1506 1004 1344
f 1097 1346 1345
f 1156 1507 934
f 1348 1507 1156
f 1348 1565 1507
f 1600 1005 1686
f 1508 1351 1457
f 1352 1766 1601
f 1157 1770 1509
f 1603 1772 1770
f 1353 1772 1510
f 1002 1773 920
f 1368 1215 1354
f 1007 1006 1215
f 1357 1100 1006
f 1158 1356 1659
f 1604 1356 1158
f 1606 1100 1511
f 1606 953 1100
f 1358 1101 1159
f 1512 1358 1159
f 1160 1781 1218
f 1160 1365 1781
f 1161 1365 1160
f 1161 1514 1782
f 1009 1369 1047
f 1163 1103 1009
f 1163 1373 1103
f 1164 1371 1515
f 1788 1371 1164
f 1165 1372 1782
f 1165 1373 1372
f 1792 1104 1221
f 1221 1102 1792
f 1381 1378 1167
f 1517 1516 1259
f 1518 1380 1517
f 1518 1381 1380
f 923 1799 1519
f 923 1383 1799
f 1520 1382 923
f 1416 1010 1521
f 1522 1385 1416
f 1522 1386 1385
f 1168 1803 1388
f 1261 1393 1465
f 1613 956 1393
f 1809 1806 1524
f 1810 1806 1809
f 1525 1810 1808
f 1048 1810 1525
f 1810 1048 1169
f 1800 1801 1106
f 1013 1751 1526
f 1013 1395 1751
f 957 1399 924
f 957 1527 1399
f 1396 957 924
f 1528 1014 1665
f 1528 1398 1014
f 1015 1402 1400
f 1825 1824 1618
f 1825 1529 1824
f 1829 1826 1530
f 1530 1531 1829
f 1405 1533 1173
f 1621 1406 1534
f 1621 958 1406
f 1622 1408 1535
f 1536 1408 1622
f 1174 1016 1536
f 1175 1838 939
f 1175 1830 1838
f 1786 1563 1784
f 1537 1563 1786
f 1230 940 1624
f 1538 940 1230
f 1540 1412 1539
f 1540 1413 1412
f 1541 1842 1841
f 1019 1415 1020
f 1019 1543 1846
f 1543 1545 1846
f 1176 959 1544
f 1176 1021 959
f 1022 1021 1176
f 1440 1546 1024
f 925 1634 1443
f 1547 925 1178
f 1548 925 1547
f 1548 1634 925
f 1547 1442 1548
f 1549 1550 1128
f 1178 1550 1549
f 925 1550 1178
f 925 1639 1550
f 1444 1056 1553
f 1444 1695 1056
f 1180 1444 1553
f 1552 1695 1444
f 1025 973 1059
f 1026 1025 961
f 1026 973 1025
f 1553 973 1026
f 1556 926 1246
f 975 1556 1558
f 975 926 1556
f 1557 1027 1558
f 1558 1556 1557
f 1183 1455 1028
f 1181 1250 1560
f 1561 927 1131
f 1764 1457 1561
f 1131 1029 1693
f 1030 1460 1710
f 1461 1257 1030
f 1563 1562 1031
f 1795 1184 1794
f 1796 979 1090
f 1347 1565 1032
f 1032 918 1347
f 1802 918 1032
f 1775 1469 1774
f 1776 1469 1775
f 1566 1469 1776
f 1185 1470 1469
f 1783 1472 1673
f 1473 1033 1187
f 1473 1187 928
f 1188 1473 928
f 1133 1473 1188
f 970 1034 1054
f 1567 1034 970
f 1567 970 1628
f 1476 1567 1419
f 1572 929 1195
f 1420 1572 1568
f 1420 929 1572
f 1072 929 1420
f 1569 1272 1136
f 1569 1235 1115
f 1478 1272 1569
f 1191 1138 1275
f 1481 1035 919
f 930 1035 1481
f 930 1281 1035
f 1194 1193 1635
f 1573 1571 1193
f 1573 1075 1139
f 1572 1193 1194
f 1572 1573 1193
f 1195 1683 1573
f 1422 1574 1036
f 931 1287 1196
f 931 1196 1423
f 1424 931 1423
f 1424 1141 931
f 1424 1077 1141
f 1481 1077 1424
f 1189 1037 985
f 1425 1037 1189
f 1696 1079 1482
f 1642 1039 1292
f 1197 1038 1241
f 1197 1039 1038
f 1295 1484 1039
f 1295 1143 1484
f 1426 1080 1295
f 1575 1080 1426
f 1116 1485 1575
f 1116 1036 1485
f 1706 1144 995
f 1706 1427 962
f 1576 1144 1706
f 1577 1300 1057
f 1577 1299 1300
f 1299 1577 1118
f 1198 1707 1299
f 1198 991 1707
f 1198 1578 991
f 1579 1578 1198
f 1580 1578 1579
f 1199 1581 1429
f 1306 1581 1199
f 1718 1145 1306
f 1720 1146 1200
f 1583 1720 1582
f 1583 1721 1720
f 1583 1147 1721
f 1583 1148 1147
f 995 1311 1148
f 1040 1068 1201
f 1040 1316 1068
f 1584 1316 1040
f 1586 1321 1585
f 1495 1321 1586
f 1203 1586 1202
f 1204 1586 1203
f 1204 1495 1586
f 997 1495 1204
f 997 1150 1495
f 997 1734 1150
f 1324 997 1203
f 1324 1734 997
f 1119 1205 1202
f 1205 1151 1324
f 1713 1151 1205
f 1086 1498 1587
f 1654 1588 1248
f 1589 1654 1430
f 1589 1588 1654
f 1589 932 1588
f 1206 932 1589
f 1091 932 1206
f 1590 1331 1206
f 1207 1331 1590
f 1323 1501 1208
f 1431 1592 1591
f 1209 1334 1154
f 1593 1334 1209
f 1593 1209 1656
f 1041 1503 1593
f 1749 1503 1041
f 1594 1041 1656
f 1042 1339 920
f 1211 1042 1210
f 1211 1339 1042
f 1339 1595 1003
f 1597 1596 1657
f 1598 1597 1657
f 1598 1599 1597
f 1599 1097 921
f 964 934 1598
f 1156 934 964
f 1251 1766 1350
f 1157 1601 1602
f 1602 1603 1157
f 1210 1510 1044
f 1042 1510 1210
f 1042 1353 1510
f 1042 920 1353
f 1605 1604 1045
f 1098 1771 1607
f 1778 1361 1123
f 922 1218 1046
f 922 1160 1218
f 1047 1369 1219
f 1790 1009 1047
f 1790 1163 1009
f 1788 1164 1220
f 1608 1789 1788
f 1782 1789 1608
f 1221 1166 1782
f 1715 955 1714
f 1434 1715 1716
f 1610 1798 1411
f 1610 1799 1798
f 1435 1799 1610
f 1435 1519 1799
f 1222 1519 1435
f 923 1519 1222
f 1845 1611 1222
f 1223 1612 1735
f 1614 1394 1613
f 1226 1523 1437
f 1384 1169 1048
f 1227 1813 1171
f 1399 1527 1615
f 1617 1616 1229
f 1051 1050 937
f 1619 1827 1051
f 1355 1620 1403
f 1532 1620 938
f 1264 1621 1534
f 1621 1264 1438
f 1407 1438 1125
f 1407 1622 1535
f 1017 939 1622
f 1017 1175 939
f 1624 1840 1623
f 1624 940 1840
f 1439 1787 1373
f 1624 1439 1230
f 1624 1787 1439
f 1625 1414 1674
f 1625 1542 1414
f 1626 1625 1675
f 1626 1542 1625
f 1626 1627 1542
f 1545 1231 1053
f 1545 1543 1231
f 1053 1544 1545
f 1837 1544 1053
f 1054 1475 1232
f 1441 1628 970
f 1640 1628 1441
f 1477 1055 1233
f 1442 1233 1055
f 1629 1477 1233
f 1234 1233 1630
f 1235 1136 1234
f 1631 1115 1235
f 1631 1236 1115
f 1633 1570 1632
f 1633 1192 1570
f 1635 1238 1636
f 1192 1238 1635
f 1055 1635 1636
f 1055 1194 1635
f 1637 1116 1241
f 989 1285 1637
f 1638 1140 989
f 1239 1140 1638
f 1549 1128 1643
f 1639 1638 1550
f 971 1140 1239
f 971 1196 1140
f 1237 1196 971
f 917 1483 1641
f 972 917 1641
f 1024 1179 1240
f 1642 972 1551
f 1038 1642 1024
f 1642 917 972
f 1643 1038 1240
f 1241 1038 1643
f 1575 1426 1241
f 1582 1704 1427
f 1644 1704 1582
f 1129 1704 1644
f 1129 990 1704
f 1645 1056 1695
f 1645 1300 990
f 1057 1300 1645
f 1057 1645 1695
f 1058 1577 1057
f 1242 1119 1651
f 1243 1445 1059
f 1243 1146 1445
f 1200 1243 1644
f 1646 1644 1243
f 1680 1319 1728
f 1244 1319 1448
f 1647 1729 1244
f 1648 1448 1681
f 1554 1648 1681
f 1450 1648 1555
f 1244 1648 1450
f 1649 1585 1245
f 1650 1245 1450
f 1651 1245 1650
f 1653 932 1652
f 1247 974 1246
f 926 1247 1246
f 1247 1451 974
f 1653 1451 1247
f 1248 1588 1653
f 1655 1654 1452
f 1655 1430 1654
f 1727 916 1655
f 1061 1685 1557
f 1154 1061 1557
f 974 1209 976
f 1656 1209 974
f 942 1453 977
f 1596 942 977
f 1062 1559 1454
f 1062 977 1559
f 1657 977 1062
f 1657 1596 977
f 1062 933 1657
f 1658 933 1062
f 1658 1121 933
f 1249 1121 1658
f 1765 1349 1688
f 1251 1350 1765
f 1456 965 1251
f 1432 1063 943
f 1660 927 1561
f 943 927 1660
f 1660 1158 943
f 1252 1158 1660
f 1252 1045 1158
f 1252 1216 1045
f 1253 1216 1252
f 1769 1253 1254
f 1769 1216 1253
f 1661 1029 1255
f 1063 1218 1256
f 1063 1046 1218
f 1064 1371 1460
f 1064 1515 1371
f 1461 1515 1257
f 1164 1515 1461
f 1259 1516 1083
f 1259 1724 1258
f 1517 1259 1562
f 1518 1517 1462
f 1463 1798 1518
f 1463 1411 1798
f 1260 1610 1411
f 1260 1435 1610
f 1261 1465 979
f 1261 1614 1613
f 1614 1261 1466
f 1763 1664 1397
f 1664 1014 1397
f 1262 1664 1666
f 1665 1664 1262
f 1665 1014 1664
f 1468 1666 918
f 1667 1665 1262
f 1668 1665 1667
f 1049 1668 1468
f 944 1468 918
f 944 1049 1468
f 1616 1049 944
f 1670 1263 1669
f 1469 1669 1774
f 1671 1534 1670
f 1671 1264 1534
f 1672 1471 945
f 1672 1264 1471
f 1672 1438 1264
f 1672 1823 1438
f 982 1067 1132
f 982 1018 1541
f 1673 982 1186
f 1673 1472 1674
f 1018 982 1673
f 1625 1674 1831
f 1676 1314 1265
f 1676 1315 1314
f 1677 1265 1033
f 1266 1068 1474
f 1266 1201 1068
f 1236 1069 928
f 1069 1236 1232
f 1678 1188 1069
f 1678 1133 1188
f 1034 1475 1054
f 1679 1034 1567
f 1679 1475 1034
f 1679 1678 1475
f 1070 1133 1679
f 1070 1134 1133
f 1070 983 1134
f 1268 1070 1267
f 1268 983 1070
f 1476 1135 1567
f 1476 984 1135
f 1269 1476 985
f 1694 1681 1269
f 1694 1554 1681
f 1591 1153 1682
f 1270 1683 1195
f 1270 1480 1683
f 1270 1591 1480
f 1120 1431 1071
f 1684 1120 1071
f 1477 1421 1055
f 1072 1421 1271
f 1274 1629 1136
f 1274 1271 1629
f 1273 1272 1478
f 1274 1272 1273
f 1274 1072 1271
f 1684 1061 1120
f 1684 1685 1061
f 986 1685 1074
f 1027 1685 986
f 1276 1686 1005
f 1277 919 1035
f 1278 1277 1035
f 1278 1212 1686
f 1687 1212 1278
f 1279 1687 1278
f 1281 930 1280
f 1280 1571 1479
f 1688 1687 1279
f 1028 1279 1282
f 1028 1688 1279
f 1480 1075 1683
f 987 1075 1480
f 987 1282 1075
f 1360 1689 1690
f 1574 1690 1036
f 1690 1574 1283
f 1284 1361 1360
f 1692 1361 1284
f 1692 1123 1361
f 1285 1422 1116
f 1574 1422 989
f 1283 1574 1286
f 1691 988 1283
f 1287 1140 1196
f 1287 1691 1140
f 1076 988 1288
f 1692 1459 1123
f 1693 1459 1077
f 1693 1029 1459
f 919 1005 1693
f 1694 1180 961
f 1289 1552 1078
f 1037 1142 985
f 1037 1078 1142
f 1289 1078 1037
f 1290 1695 1289
f 1696 1425 1640
f 1079 1292 1039
f 1291 1292 1079
f 1697 1482 1079
f 1697 1079 1484
f 1698 1058 1697
f 1294 1579 1698
f 1294 1698 1293
f 1699 1143 1295
f 1700 1699 1080
f 1700 1580 1699
f 1702 1162 1725
f 1486 1313 947
f 1486 1702 1313
f 995 1703 1491
f 1433 1702 1486
f 1433 1219 1702
f 1487 1433 1296
f 1662 1433 1302
f 1705 962 1704
f 1297 1705 990
f 1706 962 1705
f 1298 1706 1297
f 1576 1706 1298
f 1298 1299 1707
f 1298 1297 1299
f 1576 1487 1144
f 1301 1487 1576
f 1301 1302 1487
f 1710 1662 1302
f 1708 1302 1301
f 1709 1708 1578
f 1488 1708 1709
f 1488 1302 1708
f 1303 1302 1488
f 1711 1030 1303
f 1712 1793 1326
f 1305 1376 1712
f 1307 1376 1305
f 1307 955 1376
f 1713 1304 1151
f 1306 1713 1581
f 1489 1713 1306
f 1489 1304 1713
f 992 1489 1306
f 1307 1305 992
f 1715 1714 1308
f 1722 1716 1715
f 1717 1429 1119
f 1718 1429 1717
f 1309 1719 993
f 1081 1719 1309
f 1081 1718 1719
f 1145 1718 1081
f 1720 993 1146
f 1720 1309 993
f 1721 1309 1720
f 1082 1309 1721
f 1721 1308 1082
f 1147 1722 1310
f 1147 1716 1722
f 915 1716 1147
f 1723 1797 915
f 1723 1083 1797
f 1311 1723 1148
f 1314 1418 1112
f 1314 1726 1418
f 1318 1314 1315
f 1318 1726 1314
f 1130 1726 1318
f 1315 1316 1584
f 1317 1315 1584
f 1727 1130 1084
f 1084 1317 996
f 1320 1201 1728
f 1320 1040 1201
f 1494 1320 1729
f 1584 1040 1320
f 1321 1730 1585
f 1322 1730 1321
f 1731 1494 1322
f 1149 1494 1731
f 1149 1493 1492
f 1493 1149 1731
f 1732 1493 1496
f 1732 1084 996
f 916 1732 1733
f 916 1084 1732
f 916 1727 1084
f 1733 1207 916
f 1323 1496 999
f 1496 1208 1733
f 1000 1325 1324
f 1001 1734 1325
f 1001 1323 1734
f 1743 1000 1497
f 1743 1741 1000
f 1793 1743 1326
f 1328 1388 1327
f 1328 1327 948
f 1085 1612 1388
f 1587 1328 1594
f 1498 1328 1587
f 1330 1587 1652
f 1330 1652 1737
f 1500 1330 1737
f 1739 1736 1738
f 1739 1329 1736
f 1739 1087 1329
f 1065 1663 1087
f 949 1065 1087
f 1088 1464 1065
f 1499 1088 949
f 1091 1331 1332
f 1332 1090 1091
f 1332 1184 1090
f 1741 1184 1740
f 1744 1182 1183
f 1502 1153 1592
f 1182 1153 1502
f 1746 1333 1502
f 1745 1592 1431
f 1747 1592 1745
f 1334 950 1154
f 950 1334 951
f 1746 1747 950
f 1748 1092 1746
f 1748 951 1335
f 1093 1249 1092
f 1093 1121 1249
f 1504 1121 1093
f 1504 1750 1121
f 1750 1504 1336
f 1504 1749 1337
f 1327 1750 1336
f 1327 1348 1750
f 1099 1751 1113
f 1752 1505 1339
f 1752 1338 1505
f 1754 936 1171
f 1754 1753 1340
f 1341 936 1754
f 1095 936 1341
f 1095 1763 936
f 1122 1755 963
f 952 1755 1342
f 1343 1756 1755
f 1757 1758 1596
f 921 1757 1599
f 1759 1757 921
f 1759 1758 1757
f 1760 1758 1759
f 1760 952 1758
f 1343 952 1760
f 1762 1340 1761
f 1004 1762 1344
f 1094 1340 1762
f 1094 1754 1340
f 1094 1341 1754
f 1341 1094 1095
f 980 1467 1763
f 1346 980 1096
f 1346 1564 980
f 1347 1346 1565
f 1347 1564 1346
f 1043 1686 1212
f 1043 1600 1686
f 1508 1764 1600
f 1457 1764 1508
f 1765 1043 1349
f 1600 1765 1350
f 1765 1600 1043
f 1767 1508 1350
f 1767 1351 1508
f 1768 1351 1352
f 1769 1254 1768
f 1098 935 1769
f 1770 1098 1509
f 1772 1159 1771
f 1512 1159 1772
f 1773 1358 1512
f 1099 1773 1002
f 1099 1113 1359
f 1215 1403 1354
f 1215 1368 1214
f 1355 1403 1215
f 1124 938 1006
f 1604 1158 1045
f 1357 1356 1604
f 1007 1356 1357
f 1669 1263 953
f 1607 954 1606
f 954 1607 1159
f 1775 1774 954
f 1776 1358 1359
f 1776 1101 1358
f 1113 1776 1359
f 1778 1779 1777
f 1513 1220 1779
f 1364 978 1661
f 1217 978 1364
f 1780 1661 1218
f 1780 1364 1661
f 1781 1780 1218
f 1365 1608 1363
f 1782 1608 1365
f 1782 1514 1221
f 1366 1514 922
f 1366 1221 1514
f 1367 1102 1366
f 1785 1725 1162
f 1785 1031 1725
f 1785 1784 1031
f 1369 1784 1785
f 1786 1623 1537
f 1785 1219 1369
f 1786 1369 1009
f 1786 1784 1369
f 1103 1787 1623
f 1787 1103 1373
f 1371 1047 1370
f 1372 1163 1790
f 1789 1790 1788
f 1372 1790 1789
f 1373 1163 1372
f 1374 1373 1165
f 1791 1132 1375
f 1104 1375 1166
f 1104 1791 1375
f 1791 1104 1792
f 1792 1186 1791
f 1794 1793 1712
f 1434 955 1715
f 1609 1795 1434
f 1377 1378 1466
f 1377 1167 1378
f 1797 1434 915
f 1380 1434 1516
f 1167 1609 1380
f 1381 1518 1798
f 1381 1379 1378
f 1525 1225 1379
f 1382 1525 1379
f 1048 1382 1520
f 1048 1525 1382
f 1611 1520 923
f 1521 1520 1611
f 1521 1010 1520
f 1170 1384 1385
f 1802 1327 1388
f 1327 1802 1348
f 1391 918 1802
f 1804 918 1391
f 1804 944 918
f 1804 1391 1012
f 1804 968 944
f 1806 1807 968
f 1436 1663 1392
f 1436 1735 1663
f 1392 1223 1436
f 956 1168 1393
f 956 1389 1168
f 956 1805 1389
f 1394 956 1613
f 1805 1437 1523
f 1394 1437 1805
f 1805 956 1394
f 1807 1806 1811
f 1105 937 1811
f 1808 1524 1226
f 1808 1809 1524
f 1810 1809 1808
f 1811 1806 1810
f 1105 1530 1619
f 1106 1531 1105
f 1106 1105 1169
f 1801 1387 1108
f 1395 1185 1812
f 1815 1185 1395
f 1815 1470 1185
f 1813 1013 1171
f 1615 1813 1227
f 1814 1813 1615
f 1814 1013 1813
f 1814 1395 1013
f 1527 1814 1615
f 1814 1815 1395
f 1815 1814 957
f 1816 945 1815
f 1396 945 1816
f 1823 1672 1817
f 1397 967 1763
f 1818 1228 1397
f 1398 1818 1014
f 1819 1818 1398
f 1819 1228 1818
f 1819 1399 1228
f 1820 1172 1049
f 1820 1528 1172
f 1820 1398 1528
f 1401 1820 1400
f 1107 1398 1820
f 1401 924 1107
f 1821 924 1401
f 1821 1396 924
f 1822 1396 1821
f 1015 1822 1402
f 1396 1822 1015
f 1823 1817 1015
f 1529 1125 1823
f 1824 1529 1823
f 1529 1052 1125
f 1826 1529 1825
f 1826 1828 1529
f 1826 1827 1530
f 1826 1825 1827
f 1829 1052 1828
f 1830 1829 1531
f 1404 1354 1403
f 1831 1472 1354
f 1832 1404 1403
f 1832 1833 1831
f 1675 1833 1533
f 1126 1675 1533
f 1534 1124 1670
f 1406 1124 1534
f 1406 938 1124
f 958 1532 938
f 1535 958 1621
f 1409 958 1535
f 1834 1405 1173
f 1536 1834 1408
f 1834 1536 1016
f 1835 1405 1834
f 1836 1053 1835
f 1836 1837 1053
f 1410 1837 1836
f 1622 1838 1174
f 1838 1622 939
f 1022 1410 1838
f 1022 1837 1410
f 1022 1176 1837
f 1108 1387 1839
f 1563 1031 1784
f 1109 1563 1537
f 1840 1109 1537
f 940 1109 1840
f 1412 1260 1539
f 1412 1435 1260
f 1413 1435 1412
f 1413 966 1435
f 1066 1439 1374
f 1841 1439 1066
f 1541 1067 982
f 1841 1067 1541
f 1842 1539 1841
f 1414 1018 1674
f 1414 1842 1018
f 1540 1539 1842
f 1415 966 1413
f 1845 1222 1844
f 1847 1845 1846
f 1021 1522 959
f 1522 1387 1386
